id,titulo,categoria,comissao_pct,preco,preco_anterior,desconto,nota,vendidos,posicao,full,selos,comissao_liq,cpc_max,indice,alerta,origem,url
MLB2645813318,Bicicleta Spinning Com Roda De Inércia De 13kg Wct Fitness Original Cor Preto Preto/amarelo,Esportes e Fitness,16,1329,2290.9,42,4.8,50000,,False,MAIS VENDIDO,191.376,0.6619898093648421,50.20530714222962,,Ofertas,https://www.mercadolivre.com.br/bicicleta-spinning-com-roda-de-inercia-de-13kg-wct-fitness-original-cor-preto-pretoamarelo/p/MLB34219371
MLB6418614274,Bicicleta Spinning Romantic Crown Preto Roda Inércia 13kg,Esportes e Fitness,16,782.98,1249.99,37,4.8,5000,,False,MAIS VENDIDO,112.74912,0.5571587454976719,38.873854996970714,,Ofertas,https://www.mercadolivre.com.br/bicicleta-spinning-romantic-crown-preto-roda-inercia-13kg/p/MLB62816576
MLB4505703283,Esteira Elétrica Plana Residencial Preta Cor Preto Bluetooth Preto 127v,Esportes e Fitness,16,683.99,1199.99,43,4.8,5000,,True,OFERTA IMPERDÍVEL,98.49456,0.48671870332952655,37.58193709301326,,Ofertas,https://www.mercadolivre.com.br/esteira-eletrica-plana-residencial-preta-cor-preto-bluetooth/up/MLBU3818599259
MLB3844424448,"Cama Elastica Profissional Pula Pula Trampolim de 3,05m com Rede e 380 kg de Suporte",Brinquedos e Hobbies,12,1348,1830,26,4.8,10000,,False,MAIS VENDIDO,145.584,0.5035904418870244,35.61391605025037,,Ofertas,https://www.mercadolivre.com.br/cama-elastica-profissional-pula-pula-trampolim-de-305m-com-rede-e-380-kg-de-suporte/p/MLB23431955
MLB4836812875,"Console Nintendo Switch Lite 32gb Azul Turquesa Standard Tela 5,5'' Cor Azul-turquesa",Games,12,1405,2299,39,4.9,1000,,True,OFERTA IMPERDÍVEL,151.74,0.5248846964772027,35.14169426168627,,Ofertas,https://www.mercadolivre.com.br/console-nintendo-switch-lite-32gb-azul-turquesa-standard-tela-55-cor-azul-turquesa/p/MLB40199765
MLB3887546799,Chuteira Futsal Umbro Pro 5 Bump Original Couro Natural,Esportes e Fitness,16,369.9,589.99,37,4.9,5000,,True,MAIS VENDIDO,53.2656,0.39482429939383296,34.5234564602427,,Ofertas,https://produto.mercadolivre.com.br/MLB-3887546799-chuteira-futsal-umbro-pro-5-bump-original-couro-natural-_JM
MLB7453193784,Bicicleta Ergométrica Spinning Rmira Conexão Bluetooth 12kg 150kg,Esportes e Fitness,16,879,1599,45,4.8,5000,,True,OFERTA IMPERDÍVEL,126.576,0.4378397610471754,34.07110588646755,,Ofertas,https://www.mercadolivre.com.br/bicicleta-ergometrica-spinning-rmira-conexao-bluetooth-12kg-150kg/p/MLB59135054
MLB4818587639,Bicicleta Ergométrica Spinning Inércia 5kg Velocron V500 Preto,Esportes e Fitness,16,583.11,2000,71,4.8,5000,,True,RELÂMPAGO,83.96784000000001,0.414933760871475,32.91257898452315,,Ofertas,https://www.mercadolivre.com.br/bicicleta-ergometrica-spinning-inercia-5kg-velocron-v500-preto/p/MLB66042141
MLB5979848372,Bicicleta Ergométrica Spinning Profissional Fitness Academia Sport 120 Kgs Preto Premium Bike academia para Cardio e Musculação com base + brinde SQUEEZEBAR,Esportes e Fitness,16,589,1123.75,48,4.7,5000,,True,OFERTA IMPERDÍVEL,84.816,0.41912501098128785,31.89001860533049,,Ofertas,https://www.mercadolivre.com.br/bicicleta-ergometrica-spinning-profissional-fitness-academia-sport-120-kgs-preto-premium-bike-academia-para-cardio-e-musculacao-com-base-brinde-squeezebar/p/MLB53486618
MLB5070173491,Esteira Ergométrica Elétrica Dobrável Residencial Cardio Preto 127/220v,Esportes e Fitness,16,669.29,1499.99,55,4.8,1000,,False,MAIS VENDIDO,96.37776,0.4762583677413687,29.874166398676856,,Ofertas,https://www.mercadolivre.com.br/esteira-ergometrica-eletrica-dobravel-residencial-cardio/up/MLBU4760101286
MLB5451783886,Bicicleta Aro 29 Gts Dexter 24 Marchas Freio A Disco Cor Grafite Com Preto Tamanho Do Quadro 21,Esportes e Fitness,16,829,1413,41,4.7,5000,,False,MAIS VENDIDO,119.37599999999999,0.41293420012299026,28.221196268170758,,Ofertas,https://www.mercadolivre.com.br/bicicleta-aro-29-gts-dexter-24-marchas-freio-a-disco-cor-grafite-com-preto-tamanho-do-quadro-21/p/MLB37800447
MLB4183208501,Hd Externo 2tb Seagate Expansion Portátil Usb 3.0 Preto,Games,12,989.91,1165.68,15,4.9,10000,,True,OFERTA IMPERDÍVEL,106.91028,0.3698139572169023,28.10586074848458,,Ofertas,https://www.mercadolivre.com.br/hd-externo-2tb-seagate-expansion-portatil-usb-30-preto/p/MLB21710812
MLB7432383314,Bicicleta Ergométrica Spinning 150 Kg Treino Casa Porta Copo Preto Nao Se Aplica,Esportes e Fitness,16,828.09,2100,61,4.7,500,,True,MAIS VENDIDO,119.24496000000002,0.4124809189141702,27.958380358782335,,Ofertas,https://www.mercadolivre.com.br/bicicleta-ergometrica-spinning-150-kg-treino-casa-porta-copo/up/MLBU4772234778
MLB4018271667,Mesa Dobrável Vira Maleta Com Alça Portátil 1.80m Para Camping Pesca Jardim Área Externa Ou Interna Salão De Festas Gourmet Cor Preto Luvinco,Esportes e Fitness,16,284.9,425.17,33,4.9,10000,,True,MAIS VENDIDO,41.0256,0.30409689888430114,27.90393144162348,,Ofertas,https://www.mercadolivre.com.br/mesa-dobravel-vira-maleta-com-alca-portatil-180m-para-camping-pesca-jardim-area-externa-ou-interna-salao-de-festas-gourmet-cor-preto-luvinco/p/MLB45353247
MLB4373612211,Trator Elétrico Infantil com Controle Remoto 12v Vermelho - Zippy Toys,Brinquedos e Hobbies,12,1196,1899,37,4.7,1000,,True,RELÂMPAGO,129.168,0.44680576297988217,27.683514499699594,,Ofertas,https://www.mercadolivre.com.br/trator-eletrico-infantil-com-controle-remoto-12v-vermelho-zippy-toys/p/MLB36580471
MLB5413364872,Mesa Dobrável Vira Maleta Com Alça Portátil 1.80m Para Camping Pesca Jardim Área Externa Ou Interna Salão De Festas Gourmet Cor BrancoLuvinco,Esportes e Fitness,16,279.99,388.92,28,4.9,10000,,True,MAIS VENDIDO,40.318560000000005,0.2988560572783976,26.944862124220332,,Ofertas,https://www.mercadolivre.com.br/mesa-dobravel-vira-maleta-com-alca-portatil-180m-para-camping-pesca-jardim-area-externa-ou-interna-salao-de-festas-gourmet-cor-brancoluvinco/p/MLB45341890
MLB6442021542,Tênis Masculino St Runner V4 Mesh Puma Club Navy-puma White-team Regal Red-plat Liso 41 Eu,"Calçados, Roupas e Bolsas",16,303.99,449.99,32,4.9,5000,,True,RELÂMPAGO,43.77456000000001,0.3244732056575596,24.834607454450097,,Ofertas,https://www.mercadolivre.com.br/tenis-masculino-st-runner-v4-mesh-puma/up/MLBU831533041
MLB7382741626,Bicicleta Spinning Ergométrica 10kg Ajustável Até 130kg Preto 1.5v,Esportes e Fitness,16,799.5,1599,50,5.0,25,,True,RELÂMPAGO,115.128,0.5689141702538874,24.730426052029266,,Ofertas,https://www.mercadolivre.com.br/bicicleta-spinning-ergometrica-10kg-ajustavel-ate-130kg/up/MLBU4686461068
MLB4519183557,Tênis Masculino Caven 2.0 Puma Puma Black-puma White-gold Liso 39,"Calçados, Roupas e Bolsas",16,282.99,449.99,37,4.8,10000,,True,RELÂMPAGO,40.75056000000001,0.3020582008257929,24.23715003426162,,Ofertas,https://www.mercadolivre.com.br/tenis-masculino-caven-20-puma/up/MLBU1136493118
MLB7671517344,Hoverboard Skate Elétrico 6.5 Polegadas Com Led E Bluetooth,Esportes e Fitness,16,599,1299,54,4.8,1000,,False,OFERTA IMPERDÍVEL,86.256,0.4262408855310551,23.326432351325632,,Ofertas,https://www.mercadolivre.com.br/hoverboard-skate-eletrico-65-polegadas-com-led-e-bluetooth/p/MLB65362213
MLB3648491453,Omega 3 Omegafor Plus 240caps Concentrado Vitafor,Esportes e Fitness,16,230.94,363.8,37,4.9,50000,,True,MAIS VENDIDO,33.25536,0.24650101027848545,22.93445399631029,,Ofertas,https://www.mercadolivre.com.br/omega-3-omegafor-plus-240caps-concentrado-vitafor/p/MLB37807015
MLB3918751603,Chuteira Futsal Umbro Pro 5 Bump Club Profissional Reforçada,Esportes e Fitness,16,279.22,399.9,30,4.9,5000,,True,OFERTA IMPERDÍVEL,40.20768,0.2980341737678995,22.631749158477344,,Ofertas,https://produto.mercadolivre.com.br/MLB-3918751603-chuteira-futsal-umbro-pro-5-bump-club-profissional-reforcada-_JM
MLB7118445222,Triciclo Eletrico Drift Grande 350w 36v Suporta 90kg +brinde Gelo E Fogo,Brinquedos e Hobbies,12,1079,1599.99,33,4.7,1000,,False,MAIS VENDIDO,116.532,0.4030965035579372,22.62745580250217,,Ofertas,https://www.mercadolivre.com.br/triciclo-eletrico-drift-grande-350w-36v-suporta-90kg-brinde/up/MLBU4234959287
MLB3636944468,"Cama Elástica Infantil Justfun 1,8 m Colorida com Rede de Proteção para 100 kg",Brinquedos e Hobbies,12,516.91,589.9,12,4.7,10000,,True,MAIS VENDIDO,55.826280000000004,0.2758700035140121,21.915113079153127,,Ofertas,https://www.mercadolivre.com.br/cama-elastica-infantil-justfun-18-m-colorida-com-rede-de-protecao-para-100-kg/p/MLB19728496
MLB4018508715,Banco Elevação Pélvica  Profissional Academia Aparelho Preto Preto,Esportes e Fitness,16,1323,1435,8,4.8,100,,False,RELÂMPAGO,190.512,0.6590011420539399,21.762524570886693,,Ofertas,https://www.mercadolivre.com.br/banco-elevacao-pelvica--profissional-academia-aparelho-preto/up/MLBU3095157899
MLB6433281306,"Cadeira de Alimentação Ragaluma Luppa 12 em 1, para Bebês, Cinza",Bebês,12,621.99,999,38,5.0,500,,True,OFERTA DO DIA,67.17492,0.33195021084072746,21.163686087885193,,Ofertas,https://www.mercadolivre.com.br/cadeira-de-alimentacao-ragaluma-luppa-12-em-1-para-bebes-cinza/p/MLB66359939
MLB3949149687,Tênis Nike Air Max Nuaxis Masculino,"Calçados, Roupas e Bolsas",16,360.99,599.99,40,4.9,1000,,False,OFERTA IMPERDÍVEL,51.98256,0.385313933058069,20.96335264132995,,Ofertas,https://produto.mercadolivre.com.br/MLB-3949149687-tnis-nike-air-max-nuaxis-masculino-_JM
MLB4355407065,Berço Bebê Portátil Moisés Com Mosquiteiro E Modo Balanço,Bebês,12,399.29,666.65,40,5.0,1000,,False,MAIS VENDIDO,43.12332000000001,0.3196459742598613,20.66415799423694,,Ofertas,https://produto.mercadolivre.com.br/MLB-4355407065-berco-beb-portatil-moises-com-mosquiteiro-e-modo-balanco-_JM
MLB3975650491,Tênis New Balance Masculino 460v4 Corrida Training Original,"Calçados, Roupas e Bolsas",16,291,499.99,42,4.8,1000,,True,OFERTA IMPERDÍVEL,41.904,0.31060792409733806,20.338328869645846,,Ofertas,https://produto.mercadolivre.com.br/MLB-3975650491-tnis-new-balance-masculino-460v4-corrida-training-original-_JM
MLB6194622920,Tênis Masculino Hawk 6 Mizuno Marinho/pewter Liso 41 Br,"Calçados, Roupas e Bolsas",16,335.99,399.99,16,4.9,500,,True,RELÂMPAGO,48.382560000000005,0.3586294034964421,20.253352787439667,,Ofertas,https://www.mercadolivre.com.br/tenis-masculino-hawk-6-mizuno/up/MLBU3746984443
MLB4081318501,"Cama Elástica Infantil Pula-pula Trampolim 1,4m Com Tela De Proteção E Estrutura Reforçada Para Crianças Marqs Home",Brinquedos e Hobbies,12,295.39,479.9,38,4.8,5000,,True,MAIS VENDIDO,31.902119999999996,0.23647029561626984,20.125825527939238,,Ofertas,https://www.mercadolivre.com.br/cama-elastica-infantil-pula-pula-trampolim-14m-com-tela-de-protecao-e-estrutura-reforcada-para-criancas-marqs-home/p/MLB50669015
MLB3827168491,Tênis Fila Racer Speedzone Masculino,"Calçados, Roupas e Bolsas",16,327.49,599.9,45,4.9,5000,,False,,47.15856,0.34955666344548886,19.579632694162736,,Ofertas,https://produto.mercadolivre.com.br/MLB-3827168491-tnis-fila-racer-speedzone-masculino-_JM
MLB4510590445,Bicicleta Equilíbrio Infantil Aro 12 Balance Pitukinha Colli Pitukinha - Preto Fosco,Brinquedos e Hobbies,12,309.99,599.9,50,4.9,1000,,True,MAIS VENDIDO; OFERTA DO DIA,33.47892,0.2481581195642625,19.298869451220753,,Ofertas,https://www.mercadolivre.com.br/bicicleta-equilibrio-infantil-aro-12-balance-pitukinha-colli/up/MLBU3833055048
MLB913778741,"Cama Elástica Infantil Pula Pula Trampolim 1,40m + Rede Preto Colorido",Brinquedos e Hobbies,12,275.4,439.9,37,4.7,10000,,True,MAIS VENDIDO,29.743199999999995,0.2204675832381621,19.277685478344896,,Ofertas,https://www.mercadolivre.com.br/cama-elastica-infantil-pula-pula-trampolim-140m--rede/up/MLBU1172313746
MLB5217766945,Patinete Triciclo Infantil Drift Elétrico Brinquedo 100kg Vermelho,Brinquedos e Hobbies,12,831.5,1499,45,5.0,500,,False,MAIS VENDIDO,89.802,0.3106346086268997,18.940425172424725,,Ofertas,https://www.mercadolivre.com.br/patinete-triciclo-infantil-drift-eletrico-brinquedo-100kg/up/MLBU5170726474
MLB4825431031,Bicicleta Ergométrica Spinning Cardio E Musculação Preto E Vermelho Nao Se Aplica,Esportes e Fitness,16,502.11,1000,50,4.7,1000,,False,OFERTA IMPERDÍVEL,72.30384000000001,0.3572951770183607,18.75288572044592,,Ofertas,https://www.mercadolivre.com.br/bicicleta-ergometrica-spinning-cardio-e-musculacao/up/MLBU4185602492
MLB3806655487,Tênis Flyer Runner Mesh Bdp Puma,"Calçados, Roupas e Bolsas",16,208.99,349.99,40,4.9,100000,,True,OFERTA IMPERDÍVEL,30.09456,0.223071993323377,18.73804743916367,,Ofertas,https://produto.mercadolivre.com.br/MLB-3806655487-tnis-flyer-runner-mesh-bdp-puma-_JM
MLB4371637565,Sylvanian Families - Casa Telhado Vermelho com Luzes e Sótão Secreto - Epoch,Brinquedos e Hobbies,12,528.14,629.6,16,4.9,5000,,False,MAIS VENDIDO,57.039120000000004,0.2818633488535535,18.627654102359195,,Ofertas,https://www.mercadolivre.com.br/sylvanian-families-casa-telhado-vermelho-com-luzes-e-sotao-secreto-epoch/p/MLB26463506
MLB6607832046,Jaqueta Couro Legítimo Masculina Premium Gola Italiana Slim,"Calçados, Roupas e Bolsas",16,514.28,999,49,4.8,500,,False,RELÂMPAGO,74.05632,0.3659551963454274,18.43572144071982,,Ofertas,https://produto.mercadolivre.com.br/MLB-6607832046-jaqueta-couro-legitimo-masculina-premium-gola-italiana-slim-_JM
MLB4291761059,Berço Portátil Bebê Acoplado Co-Bed Connect Maxi Baby - CINZA,Bebês,12,422.91,799.9,47,4.9,5000,,True,OFERTA IMPERDÍVEL,45.67428,0.22570308793815336,18.293084649294183,,Ofertas,https://www.mercadolivre.com.br/berco-portatil-bebe-acoplado-co-bed-connect-maxi-baby-cinza/p/MLB61794290
MLB3676440389,Polo Masculina Lacoste Slim Fit - Original,Esportes e Fitness,16,218.49,487.9,55,4.8,10000,,False,MAIS VENDIDO,31.462560000000003,0.23321211455679525,18.28382978125275,,Ofertas,https://produto.mercadolivre.com.br/MLB-3676440389-polo-masculina-lacoste-slim-fit-original-_JM
MLB5522203714,Cadeira De Escritorio Gamer Ergonômica Dunamis Preta Marqs Home Reclinável 180kg Resistente Giratória Confortavel Computador,Games,12,523,899.9,42,4.8,1000,,True,OFERTA IMPERDÍVEL,56.484,0.2791201792146183,18.276539516881062,,Ofertas,https://www.mercadolivre.com.br/cadeira-de-escritorio-gamer-ergonomica-dunamis-preta-marqs-home-reclinavel-180kg-resistente-giratoria-confortavel-computador/p/MLB52893896
MLB5251703725,Mala De Viagem Abs Charlots Park Com Frasqueira 24 20 18 Pol Cinza-escuro M2,"Calçados, Roupas e Bolsas",16,782.5,830,6,4.8,100,,False,RELÂMPAGO,112.68,0.5568171835192832,18.173926766960623,,Ofertas,https://www.mercadolivre.com.br/mala-de-viagem-abs-charlots-park-com-frasqueira-24-20-18-pol/up/MLBU5196850261
MLB4073528845,Quadriciclo Com Pedal Elétrico 6v Som E Farol Led Rosa Cor Rosa-pink Voltagem Do Carregador 127/220v,Brinquedos e Hobbies,12,350.01,669.9,48,4.7,1000,,True,OFERTA IMPERDÍVEL,37.80108,0.28019556575595184,18.149675780544186,,Ofertas,https://www.mercadolivre.com.br/quadriciclo-com-pedal-eletrico-6v-som-e-farol-led-rosa-cor-rosa-pink-voltagem-do-carregador-127220v/p/MLB50395312
MLB1010954920,Kit 6 Cuecas Lupo Boxer Box Sem Costura Basic Microfibra,"Calçados, Roupas e Bolsas",16,131.12,288.63,55,4.9,250000,,True,MAIS VENDIDO,18.881280000000004,0.18660669419309497,18.138170675568833,,Ofertas,https://produto.mercadolivre.com.br/MLB-1010954920-kit-6-cuecas-lupo-boxer-box-sem-costura-basic-microfibra-_JM
MLB3119617024,Luva De Goleiro Profissional N1 Scorpius 2.0,Esportes e Fitness,16,225.28,311.82,28,4.7,10000,,True,OFERTA IMPERDÍVEL,32.44032,0.2404596327857331,17.928670220504262,,Ofertas,https://produto.mercadolivre.com.br/MLB-3119617024-luva-de-goleiro-profissional-n1-scorpius-20-_JM
MLB5069111481,Berço Bebe Portatil Retratil Acoplado Moise Balango Compacto Portátil Bege,Bebês,12,557,1199,54,5.0,100,,True,MAIS VENDIDO,60.156000000000006,0.29726565931652466,17.861631479524487,,Ofertas,https://www.mercadolivre.com.br/berco-bebe-portatil-retratil-acoplado-moise-balango-compacto/up/MLBU4231878289
MLB6201938390,Carrinho Bebê Conforto Reversível Passeio Modo Berço Travel Preto,Bebês,12,620.38,999,38,4.9,1000,,False,OFERTA DO DIA,67.00104,0.331090968988843,17.843766321033833,,Ofertas,https://www.mercadolivre.com.br/carrinho-bebe-conforto-reversivel-passeio-modo-berco-travel/up/MLBU3762262442
MLB6623716064,Omega Plus 240 Caps Dark Lab,Esportes e Fitness,16,142.4,599.9,76,4.9,10000,,True,OFERTA IMPERDÍVEL,20.5056,0.20266010717736976,17.671961345866645,,Ofertas,https://www.mercadolivre.com.br/omega-plus-240-caps-dark-lab/p/MLB66597831
MLB4203734413,"Cama Elástica Circular 2.44m Trampolim Brinquedos, Suporta 270 kg, com Rede de Proteção e Zíper",Brinquedos e Hobbies,12,1000,1258.9,21,4.8,1000,,False,OFERTA DO DIA,108.0,0.37358341386277766,17.670918570923387,,Ofertas,https://www.mercadolivre.com.br/cama-elastica-circular-244m-trampolim-brinquedos-suporta-270-kg-com-rede-de-protecao-e-ziper/p/MLB55934089
MLB7214057896,OIMOTOO ES8085 Patinete Elétrico Premium 500w Pneu Aderente 10 polegadas Velocidade Máxima 40km/h Motorizado Até 30km De Autonomia,Brinquedos e Hobbies,12,1075,2598.99,59,4.4,100,,True,OFERTA IMPERDÍVEL,116.10000000000001,0.4016021699024861,17.66377462812652,,Ofertas,https://www.mercadolivre.com.br/oimotoo-es8085-patinete-eletrico-premium-500w-pneu-aderente-10-polegadas-velocidade-maxima-40kmh-motorizado-ate-30km-de-autonomia/p/MLB68375820
MLB4458981407,Carrinho Passeio Bebê Reversível Berço Moisés Conforto Palha,Bebês,12,610.49,999,39,4.9,1000,,False,OFERTA DO DIA,65.93292000000001,0.3258127690415532,17.642720936197797,,Ofertas,https://www.mercadolivre.com.br/carrinho-passeio-bebe-reversivel-berco-moises-conforto/up/MLBU3766800939
MLB3631239843,Cadeira de Carro Infantil 0 a 36Kg Elite 4 em 1 - Maxi Baby - Preto,Bebês,12,408.49,670.56,39,4.8,10000,,True,OFERTA IMPERDÍVEL,44.11692,0.21800726961258016,17.63242796626548,,Ofertas,https://www.mercadolivre.com.br/cadeira-de-carro-infantil-0-a-36kg-elite-4-em-1-maxi-baby-preto/p/MLB29756545
MLB3879097911,Carrinho De Passeio Para Bebê Spot (até 15kg) Preto - Voyage,Bebês,12,445,669,33,4.8,5000,,True,OFERTA IMPERDÍVEL,48.06,0.23749231309848012,17.623712212877006,,Ofertas,https://www.mercadolivre.com.br/carrinho-de-passeio-para-bebe-spot-ate-15kg-preto-voyage/p/MLB40003867
MLB4340888693,Tênis Sandrini Aero Spark Corrida Academia Caminhada Leve,"Calçados, Roupas e Bolsas",16,135,271.56,50,4.7,10000,,True,MAIS VENDIDO,19.44,0.1921286128437143,17.59898093648423,,Ofertas,https://produto.mercadolivre.com.br/MLB-4340888693-tnis-sandrini-aero-spark-corrida-academia-caminhada-leve-_JM
MLB4287637614,"Cama Elástica Pula Pula Infantil Trampolim 1,4 Metros Atentu",Brinquedos e Hobbies,12,275.91,659,58,4.8,10000,,False,MAIS VENDIDO,29.798280000000002,0.22087585654045508,17.31666715277168,,Ofertas,https://www.mercadolivre.com.br/cama-elastica-pula-pula-infantil-trampolim-14-metros-atentu/p/MLB28717101
MLB6224932202,Tênis Masculino Space 6 Mizuno 90-preto Liso 42 Br,"Calçados, Roupas e Bolsas",16,198.89,379.99,48,4.9,5000,,True,RELÂMPAGO,28.640159999999998,0.21229144338047964,17.269924260440444,,Ofertas,https://www.mercadolivre.com.br/tenis-masculino-space-6-mizuno/up/MLBU3770255769
MLB5341784160,Kit 10 Cuecas Mash Masculino Slip Algodão Cotton Original,"Calçados, Roupas e Bolsas",16,124.8,307.21,59,4.9,10000,,True,MAIS VENDIDO,17.9712,0.17761222876218924,17.263908635684796,,Ofertas,https://produto.mercadolivre.com.br/MLB-5341784160-kit-10-cuecas-mash-masculino-slip-algodo-cotton-original-_JM
MLB3779386055,Kit 10 Cueca Boxer Lupo Algodão Cotton Conforto Original Box,"Calçados, Roupas e Bolsas",16,176.24,499.99,65,4.9,5000,,True,MAIS VENDIDO,25.378560000000004,0.1881152595976456,17.184265993114508,,Ofertas,https://produto.mercadolivre.com.br/MLB-3779386055-kit-10-cueca-boxer-lupo-algodo-cotton-conforto-original-box-_JM
MLB5400016542,Cafeína Caffeine Army SuperCoffee - Lingua de Gato em pó sabor Chocolate ao leite x 380mL,Esportes e Fitness,16,183.79,226.9,19,4.9,100000,,True,MAIS VENDIDO,26.46576,0.19617398752525694,17.122065631204432,,Ofertas,https://www.mercadolivre.com.br/cafeina-caffeine-army-supercoffee-lingua-de-gato-em-po-sabor-chocolate-ao-leite-x-380ml/p/MLB42684445
MLB6559130728,Cadeira Portátil Alimentação Para Bebê Altura Ajustável 6in1 Verde,Bebês,12,392.73,999,61,5.0,100,,True,RELÂMPAGO,42.414840000000005,0.314394458842133,17.00175586496846,,Ofertas,https://www.mercadolivre.com.br/cadeira-portatil-alimentacao-para-bebe-altura-ajustavel-6in1/up/MLBU3885946102
MLB4150176163,Cafeína Caffeine Army Supercoffee Classic Size em pó sabor Doce de leite x 380g,Esportes e Fitness,16,185.45,216.9,14,4.9,10000,,True,MAIS VENDIDO,26.7048,0.19794584028814896,16.959999595888608,,Ofertas,https://www.mercadolivre.com.br/cafeina-caffeine-army-supercoffee-classic-size-em-po-sabor-doce-de-leite-x-380g/p/MLB51758944
MLB4118867567,Bicicleta Infantil Aro 16 Masculina Até 7 Anos Super Heróis,Brinquedos e Hobbies,12,495.89,669.99,26,4.9,1000,,True,OFERTA IMPERDÍVEL,53.55612000000001,0.26465182728630415,16.837917686592682,,Ofertas,https://produto.mercadolivre.com.br/MLB-4118867567-bicicleta-infantil-aro-16-masculina-ate-7-anos-super-herois-_JM
MLB4990152001,Bicicleta Ergométrica Spinning Bike Ergométrica It's X11 Bicicleta Ergométrica Preto/vermelho,Esportes e Fitness,16,414.99,1399,70,4.9,1000,,False,OFERTA IMPERDÍVEL,59.758559999999996,0.2953016779407889,16.822208912933245,,Ofertas,https://www.mercadolivre.com.br/bicicleta-ergometrica-spinning-bike-ergometrica-its-x11/up/MLBU4558536627
MLB7107541578,Microfone Hollyland Lark A1 Duo Usb-c cor Preto,Games,12,319.12,,0,4.9,10000,,False,MAIS VENDIDO,34.464960000000005,0.2554670122111922,16.656449196169735,,Ofertas,https://www.mercadolivre.com.br/microfone-hollyland-lark-a1-duo-usb-c-cor-preto/p/MLB51856257
MLB5061236668,Lanterna Led Tática Mais Forte Do Mundo 2km Militar Potente Branca Preto,Esportes e Fitness,16,169.97,278.65,39,4.8,10000,,True,MAIS VENDIDO,24.47568,0.18142277958358957,16.48770220855662,,Ofertas,https://www.mercadolivre.com.br/lanterna-led-tatica-mais-forte-do-mundo-2km-militar-potente/up/MLBU2788534492
MLB3373343303,"Cama Elástica Infantil Protoys de 2,44m Colorida com Rede de Proteção",Brinquedos e Hobbies,12,625.1,949.9,34,4.4,5000,,False,OFERTA IMPERDÍVEL,67.5108,0.33360998857946056,16.328666394088074,,Ofertas,https://www.mercadolivre.com.br/cama-elastica-infantil-protoys-de-244m-colorida-com-rede-de-protecao/p/MLB19830079
MLB4470378449,Tênis Feminino Delta 122 Olympikus Marinho/purple Liso 36 Br,"Calçados, Roupas e Bolsas",16,126.34,229.99,45,4.9,100000,,True,RELÂMPAGO,18.192960000000003,0.17980391812351754,15.391215391373104,,Ofertas,https://www.mercadolivre.com.br/tenis-feminino-delta-122-olympikus/up/MLBU3780656515
MLB5814372582,"Cama Elástica Infantil Pula Pula 1,8m Trampolim Com Zíper",Brinquedos e Hobbies,12,467.91,799,41,4.8,5000,,False,OFERTA IMPERDÍVEL,50.53428,0.24971916454361767,15.37681740758135,,Ofertas,https://www.mercadolivre.com.br/cama-elastica-infantil-pula-pula-18m-trampolim-com-ziper/p/MLB40003893
MLB5063203007,Bomba De Ar Elétrica Portátil Compressor Calibrador De Pneus Digital Para Carro Moto Bicicleta Inflador Recarregável Auxiliar De Partida Bateria Power Bank Celular Emergência Automotiva Quicko,Esportes e Fitness,16,186.9,349.9,47,4.9,1000,,True,MAIS VENDIDO,26.9136,0.19949354300272334,15.361073656019395,,Ofertas,https://www.mercadolivre.com.br/bomba-de-ar-eletrica-portatil-compressor-calibrador-de-pneus-digital-para-carro-moto-bicicleta-inflador-recarregavel-auxiliar-de-partida-bateria-power-bank-celular-emergencia-automotiva-quicko/p/MLB77323172
MLB3981079177,Kit 5 Camisetas Dry All Black Alpha,"Calçados, Roupas e Bolsas",16,132.99,249.5,47,4.7,10000,,True,OFERTA IMPERDÍVEL,19.150560000000002,0.18926803127470787,15.262574041992442,,Ofertas,https://produto.mercadolivre.com.br/MLB-3981079177-kit-5-camisetas-dry-all-black-alpha-_JM
MLB3994231661,Kit 5 Peças All Black Dry 3 Camisetas E 2 Bermudas Alpha,"Calçados, Roupas e Bolsas",16,152.95,289.5,47,4.8,10000,,True,MAIS VENDIDO,22.0248,0.16325595185803388,15.254636141614682,,Ofertas,https://produto.mercadolivre.com.br/MLB-3994231661-kit-5-pecas-all-black-dry-3-camisetas-e-2-bermudas-alpha-_JM
MLB5532075156,Tênis Kappa Pulse Rx Unissex Corrida Conforto,"Calçados, Roupas e Bolsas",16,135.99,289.99,53,4.6,100000,,True,OFERTA IMPERDÍVEL,19.58256,0.1935375560045682,15.250759413159976,,Ofertas,https://produto.mercadolivre.com.br/MLB-5532075156-tnis-kappa-pulse-rx-unissex-corrida-conforto-_JM
MLB3872723957,Tenis Mizuno Jet 8 Masculino,"Calçados, Roupas e Bolsas",16,273.59,399.99,32,4.9,5000,,False,,39.39695999999999,0.29202481771062105,15.21541066245218,,Ofertas,https://produto.mercadolivre.com.br/MLB-3872723957-tenis-mizuno-jet-8-masculino-_JM
MLB3758861673,Bebê Conforto Para Bebê Comfort de 0 à 13kgs Preto Maxi Baby,Bebês,12,251.99,299.9,16,4.8,10000,,True,OFERTA IMPERDÍVEL,27.214920000000003,0.20172703812703152,14.83097184309936,,Ofertas,https://www.mercadolivre.com.br/bebe-conforto-para-bebe-comfort-de-0-13kgs-preto-maxi-baby/p/MLB37883472
MLB4592749459,Mesa Dobravel Vira Maleta Camping Praia 120cm X 60cm Retangular Branca Marca MFL,Esportes e Fitness,16,174.38,198.17,12,4.7,10000,,True,MAIS VENDIDO,25.11072,0.18612993059826058,14.786161686725823,,Ofertas,https://www.mercadolivre.com.br/mesa-dobravel-vira-maleta-camping-praia-120cm-x-60cm-retangular-branca-marca-mfl/p/MLB65801243
MLB1230533155,Kit 10 Pares Meia Lupo Original Masculina Cano Médio Algodão,"Calçados, Roupas e Bolsas",16,114.99,179.22,36,4.8,50000,,True,MAIS VENDIDO,16.55856,0.16365088289554597,14.715487389967493,,Ofertas,https://produto.mercadolivre.com.br/MLB-1230533155-kit-10-pares-meia-lupo-original-masculina-cano-medio-algodo-_JM
MLB5857442960,Tênis Kappa Pulse Supra Masculino Feminino,"Calçados, Roupas e Bolsas",16,130.24,259.99,50,4.6,10000,,True,OFERTA IMPERDÍVEL,18.75456,0.18535430027233593,14.605918861460074,,Ofertas,https://produto.mercadolivre.com.br/MLB-5857442960-tnis-kappa-pulse-supra-masculino-feminino-_JM
MLB6776301878,Tênis Olympikus Masculino Cosmo Preto/preto Liso 43 Br,"Calçados, Roupas e Bolsas",16,189.99,259.99,27,4.9,1000,,True,MAIS VENDIDO,27.358560000000004,0.20279175085654044,14.576630392663345,,Ofertas,https://www.mercadolivre.com.br/tenis-olympikus-masculino-cosmo/up/MLBU3974298552
MLB5408593708,Tênis Casual Kappa Zenit Masculino Unissex Conforto,"Calçados, Roupas e Bolsas",16,109.99,229.99,52,4.7,100000,,True,MAIS VENDIDO,15.83856,0.15653500834577877,14.338606764473337,,Ofertas,https://produto.mercadolivre.com.br/MLB-5408593708-tnis-casual-kappa-zenit-masculino-unissex-conforto-_JM
MLB6851527174,Veículos De Brinquedo De Controle Remoto 90km/h Coche E Brinquedos,Brinquedos e Hobbies,12,492,1899,74,5.0,100,,True,RELÂMPAGO,53.136,0.2625757708864096,14.199516012806903,,Ofertas,https://www.mercadolivre.com.br/veiculos-de-brinquedo-de-controle-remoto-90kmh-coche-e-brinquedos/p/MLB69987190
MLB6708901692,Kit 100 pacotes figurinhas copa do mundo 2026,Brinquedos e Hobbies,12,224.1,599.99,63,4.8,10000,,False,MAIS VENDIDO,24.2028,0.17940009224281822,14.06496723183695,,Ofertas,https://www.mercadolivre.com.br/kit-100-pacotes-figurinhas-copa-do-mundo-2026/p/MLB67922755
MLB4253907211,Bola de Futebol Trionda Training Copa do Mundo da FIFA 26TM adidas,Esportes e Fitness,16,143.91,249.99,42,4.9,10000,,False,OFERTA IMPERDÍVEL,20.72304,0.20480910129139948,14.058096712641662,,Ofertas,https://www.mercadolivre.com.br/bola-de-futebol-trionda-training-copa-do-mundo-da-fifa-26tm-adidas/p/MLB54774833
MLB5890536426,"Cama Elástica Infantil Pula Pula largura 1,80m X altura 1,60m Trampolim Desmontável Eloria",Brinquedos e Hobbies,12,468.28,699,33,4.7,1000,,False,MAIS VENDIDO,50.574239999999996,0.24991663006237366,14.028842848134138,,Ofertas,https://www.mercadolivre.com.br/cama-elastica-infantil-pula-pula-largura-180m-x-altura-160m-trampolim-desmontavel-eloria/p/MLB61630449
MLB1931982151,Kit Com 10 Cuecas Boxer Algodão Cotton Masculina Adulto Mash,"Calçados, Roupas e Bolsas",16,155,330.58,53,4.8,100000,,True,OFERTA IMPERDÍVEL,22.32,0.1654440832820873,13.963480629008169,,Ofertas,https://produto.mercadolivre.com.br/MLB-1931982151-kit-com-10-cuecas-boxer-algodo-cotton-masculina-adulto-mash-_JM
MLB4330911507,Mochila Viagem Executiva Grande Notebook Masculina Feminina,"Calçados, Roupas e Bolsas",16,119.99,249.98,52,4.9,50000,,False,MAIS VENDIDO,17.27856,0.17076675744531317,13.866260704559432,,Ofertas,https://produto.mercadolivre.com.br/MLB-4330911507-mochila-viagem-executiva-grande-notebook-masculina-feminina-_JM
MLB4071078446,Calça Social Alfaiataria Masculina Malha Elastano Stretch,"Calçados, Roupas e Bolsas",16,139,179.9,23,4.8,50000,,False,MAIS VENDIDO,20.016,0.19782131248352802,13.800014758850914,,Ofertas,https://produto.mercadolivre.com.br/MLB-4071078446-calca-social-alfaiataria-masculina-malha-elastano-stretch-_JM
MLB5365615540,Tênis Masculino Esportivo Tribase Reps Under Armour pgray Liso 40,"Calçados, Roupas e Bolsas",16,255.59,499.99,49,4.8,100,,True,RELÂMPAGO,36.80496,0.2728119564262497,13.782642337476764,,Ofertas,https://www.mercadolivre.com.br/tenis-masculino-esportivo-tribase-reps-under-armour-pgray-liso-40/p/MLB30393962
MLB6231894440,Esteira Elétrica Ergométrica 180° Reversível C/massager Pés Preto 127v,Esportes e Fitness,16,470.18,1598.24,71,4.8,100,,False,RELÂMPAGO,67.70592,0.33457418958095414,13.750703559797227,,Ofertas,https://www.mercadolivre.com.br/esteira-eletrica-ergometrica-180-reversivel-cmassager-pes/up/MLBU3782670166
MLB5373561306,Mochila Impermeável Trabalho Notebook Reforçada Viagem,"Calçados, Roupas e Bolsas",16,147,259.97,43,5.0,500,,True,RELÂMPAGO,21.168,0.20920671176315553,13.585790088007935,,Ofertas,https://produto.mercadolivre.com.br/MLB-5373561306-mochila-impermeavel-trabalho-notebook-reforcada-viagem-_JM
MLB4002993741,Kit 10 Cuecas Mash Boxer Original Masculino Algodão Atacado,"Calçados, Roupas e Bolsas",16,161.91,499.99,68,4.9,10000,,True,,23.31504,0.17281968725292102,13.341679855925504,,Ofertas,https://produto.mercadolivre.com.br/MLB-4002993741-kit-10-cuecas-mash-boxer-original-masculino-algodo-atacado-_JM
MLB5338104730,Raquete De Beach Tennis Shark Jaws 2023 Carbono 3k + Capa Verde,Brinquedos e Hobbies,12,527,1599,67,4.9,50,,True,RELÂMPAGO,56.916000000000004,0.28125494157954845,13.28086505526462,,Ofertas,https://www.mercadolivre.com.br/raquete-de-beach-tennis-shark-jaws-2023-carbono-3k--capa/up/MLBU3099701585
MLB5086608523,Carrinho De Passeio Infantil Quadriciclo Andador Meninas Rosa Empurrador Baby Quad Com Buzina e Cinto,Bebês,12,369.9,499.9,26,4.9,100,,False,MAIS VENDIDO,39.94919999999999,0.2961182245453746,13.081182911417756,,Ofertas,https://www.mercadolivre.com.br/carrinho-de-passeio-infantil-quadriciclo-andador-meninas-rosa-empurrador-baby-quad-com-buzina-e-cinto/p/MLB75004805
MLB6622295822,Patins Ajustável Infantil 4 Rodas Com Luzes Led,Esportes e Fitness,16,238.05,299,20,4.8,500,,False,MAIS VENDIDO,34.2792,0.25409009048581216,12.935667331066398,,Ofertas,https://produto.mercadolivre.com.br/MLB-6622295822-patins-ajustavel-infantil-4-rodas-com-luzes-led-_JM
MLB6017351554,Babá Eletrônica Monitor 2.4 Sem Fio Zoom Baby On Maxi Baby,Bebês,12,218.41,447.82,51,4.8,5000,,False,MAIS VENDIDO,23.58828,0.17484504304664852,12.882794592828724,,Ofertas,https://www.mercadolivre.com.br/baba-eletronica-monitor-24-sem-fio-zoom-baby-on-maxi-baby/p/MLB62933980
MLB3622246707,Kit 4 Calças Jeans Masculina Tradicional Corte Reto Básica,"Calçados, Roupas e Bolsas",16,189.8,326.9,42,4.7,50000,,False,OFERTA IMPERDÍVEL,27.331200000000003,0.20258894843187208,12.771207309145217,,Ofertas,https://produto.mercadolivre.com.br/MLB-3622246707-kit-4-calcas-jeans-masculina-tradicional-corte-reto-basica-_JM
MLB4177720415,Tênis Fila Freestyle 2 Masculino Esportivo Leve Confortável,"Calçados, Roupas e Bolsas",16,159.99,392.46,59,4.8,10000,,True,,23.03856,0.170770315382588,12.705311464464549,,Ofertas,https://produto.mercadolivre.com.br/MLB-4177720415-tnis-fila-freestyle-2-masculino-esportivo-leve-confortavel-_JM
MLB6774216912,Kit 3 Bermuda Masculina Short Tactel Secagem Rápida Academia,"Calçados, Roupas e Bolsas",16,99.89,199,50,4.8,5000,,True,MAIS VENDIDO,14.38416,0.14216094175524904,12.612261926538668,,Ofertas,https://produto.mercadolivre.com.br/MLB-6774216912-kit-3-bermuda-masculina-short-tactel-secagem-rapida-academia-_JM
MLB5581448824,Mala De 10kg Bordo De Mão Bloguerinha Com Frasqueira Preto Com Bege Listras,"Calçados, Roupas e Bolsas",16,215.1,471.56,54,4.8,1000,,False,OFERTA IMPERDÍVEL,30.9744,0.22959369234823856,12.564730213948605,,Ofertas,https://www.mercadolivre.com.br/mala-de-10kg-bordo-de-mao-bloguerinha-com-frasqueira/up/MLBU3367167774
MLB5328448952,Tênis New Speed Esporte Masculino: Ideal Para Corridas,"Calçados, Roupas e Bolsas",16,159.53,239.9,34,4.6,10000,,True,OFERTA IMPERDÍVEL,22.97232,0.17027932003865412,12.546180300448034,,Ofertas,https://produto.mercadolivre.com.br/MLB-5328448952-tnis-new-speed-esporte-masculino-ideal-para-corridas-_JM
MLB4487276407,Sapatenis Democrata Masculino Bill Couro Casual Confortável Marrom 39 Br,"Calçados, Roupas e Bolsas",16,236.72,319.9,26,5.0,100,,True,OFERTA IMPERDÍVEL,34.08768,0.25267047351313354,12.497876798690683,,Ofertas,https://www.mercadolivre.com.br/sapatenis-democrata-masculino-bill-couro-casual-confortavel/up/MLBU3816925252
MLB4810647054,Cinta Modeladora Feminina Com Barbatana Redutora Cintura 750,"Calçados, Roupas e Bolsas",16,101,179.9,44,4.6,50000,,True,MAIS VENDIDO,14.544,0.14374066590529738,12.488189053852237,,Ofertas,https://produto.mercadolivre.com.br/MLB-4810647054-cinta-modeladora-feminina-com-barbatana-redutora-cintura-750-_JM
MLB4975510787,Kit Halteres 6 em 1 - 15KG com 2 peso Kettlebell Peso Academia Completa 14 Peças várias configurações,Esportes e Fitness,16,213.75,300,29,4.9,100,,True,MAIS VENDIDO,30.780000000000005,0.22815272775191076,12.4037967316751,,Ofertas,https://www.mercadolivre.com.br/kit-halteres-6-em-1-15kg-com-2-peso-kettlebell-peso-academia-completa-14-pecas-varias-configuracoes/p/MLB76107016
MLB5148008827,Bicicleta Aro 16 Infantil Menina Rosa Cestinh C/ Led Premium Rosa 16,Esportes e Fitness,16,594.57,699.5,15,5.0,50,,False,,85.61808,0.4230885531055082,12.096922973381686,,Ofertas,https://www.mercadolivre.com.br/bicicleta-aro-16-infantil-menina-rosa-cestinh-c-led-premium/up/MLBU4966903289
MLB3288908108,Casaco Couro Masculina Forrada Slim,"Calçados, Roupas e Bolsas",16,129.31,292.84,56,4.7,10000,,False,OFERTA IMPERDÍVEL,18.620639999999998,0.1840307476060792,12.072417042958799,,Ofertas,https://produto.mercadolivre.com.br/MLB-3288908108-casaco-couro-masculina-forrada-slim-_JM
MLB6628677172,Robô De Desenho Infantil Ia Brinquedo Educativo 100 Cartões Nenhum Branco,Brinquedos e Hobbies,12,349.26,678.13,48,5.0,25,,True,RELÂMPAGO,37.72008,0.27959516384081523,12.067440136929024,,Ofertas,https://www.mercadolivre.com.br/robo-de-desenho-infantil-ia-brinquedo-educativo-100-cartoes/up/MLBU3910800724
MLB5325422870,Tênis Kappa Pulse Unissex Academia Caminhada,"Calçados, Roupas e Bolsas",16,119,229.99,48,4.7,50000,,True,,17.136,0.16935781428445926,12.017630501625229,,Ofertas,https://produto.mercadolivre.com.br/MLB-5325422870-tnis-kappa-pulse-unissex-academia-caminhada-_JM
MLB5157546240,Tênis New Speed Esporte Masculino 100% Original Caminhada,"Calçados, Roupas e Bolsas",16,167.07,297.91,44,4.6,50000,,True,,24.058079999999997,0.17832737415444078,11.926534783448997,,Ofertas,https://produto.mercadolivre.com.br/MLB-5157546240-tnis-new-speed-esporte-masculino-100-original-caminhada-_JM
MLB4321494045,"Babá Eletrônica Baby Monitor 4,3'' S/fio Câmera Recarregável 127/220v Branco",Bebês,12,281.99,599.98,53,4.9,500,,False,RELÂMPAGO,30.45492,0.2257431147324959,11.893431585527033,,Ofertas,https://www.mercadolivre.com.br/baba-eletronica-baby-monitor-43-sfio-camera-recarregavel/up/MLBU3605723711
MLB4000191921,Kit 4 Calças Masculinas Azul Elastano Lycra Jeans Trabalho,"Calçados, Roupas e Bolsas",16,150.1,385.58,61,4.6,5000,,True,OFERTA IMPERDÍVEL,21.6144,0.16021391548800842,11.864983732821267,,Ofertas,https://produto.mercadolivre.com.br/MLB-4000191921-kit-4-calcas-masculinas-azul-elastano-lycra-jeans-trabalho-_JM
MLB5291500141,Mala de Bordo Rígida ABS Preto Sweet Studio com Rodas Duplas 360° para Viagem,"Calçados, Roupas e Bolsas",16,179.91,289.99,38,4.8,5000,,False,OFERTA IMPERDÍVEL,25.90704,0.19203254853729243,11.651425501517444,,Ofertas,https://www.mercadolivre.com.br/mala-de-bordo-rigida-abs-preto-sweet-studio-com-rodas-duplas-360-para-viagem/p/MLB50203063
MLB4585516185,Barraca Iglu Homefy 4 Pessoas 900 g com Mosquiteiro Azul,Esportes e Fitness,16,92.99,129.99,28,4.8,10000,,True,MAIS VENDIDO,13.390559999999999,0.1323410348765703,11.561312806817181,,Ofertas,https://www.mercadolivre.com.br/barraca-iglu-homefy-4-pessoas-900-g-com-mosquiteiro-azul/p/MLB51716412
MLB4293703033,Sapato Loafer Masculino Mocassim Couro Casual Comfort Luxo,"Calçados, Roupas e Bolsas",16,106,179.9,41,4.8,10000,,False,MAIS VENDIDO,15.264000000000001,0.15085654045506458,11.39268593516648,,Ofertas,https://produto.mercadolivre.com.br/MLB-4293703033-sapato-loafer-masculino-mocassim-couro-casual-comfort-luxo-_JM
MLB4289839406,Garrafa térmica Termolar Lúmina 1.8 L,Esportes e Fitness,16,94.64,129.9,27,4.7,100000,,True,MAIS VENDIDO,13.628160000000001,0.1346892734779935,11.346224397786173,,Ofertas,https://www.mercadolivre.com.br/garrafa-termica-termolar-lumina-18-l/p/MLB9989930
MLB4507647857,Bancos Supinos Fitness Ajustável Dobrável Preto Preto,Esportes e Fitness,16,464.28,909.07,49,4.9,25,,False,RELÂMPAGO,66.85632,0.3303758235965914,11.310304713544218,,Ofertas,https://www.mercadolivre.com.br/bancos-supinos-fitness-ajustavel-dobravel-preto/up/MLBU3820604219
MLB5283539788,Bolsa Mala Dobrável Viagem Academia Grande Portátil 80l,"Calçados, Roupas e Bolsas",16,130,200,35,4.9,500,,True,OFERTA DO DIA,18.720000000000002,0.1850127382939471,11.280841954770045,,Ofertas,https://produto.mercadolivre.com.br/MLB-5283539788-bolsa-mala-dobravel-viagem-academia-grande-portatil-80l-_JM
MLB4900133584,Lanterna Tática Sabre De Luz Mais Forte Do Mundo Led Militar Super Branca Preto,Esportes e Fitness,16,99.5,207,52,4.8,10000,,False,MAIS VENDIDO,14.328,0.14160590354036717,11.101902837564786,,Ofertas,https://www.mercadolivre.com.br/lanterna-tatica-sabre-de-luz-mais-forte-do-mundo-led-militar/up/MLBU2773392654
MLB5405576644,Mini Bicicleta Ergométrica Cicloergômetro Pedalinho Bike Lft,Esportes e Fitness,16,108.28,124,13,4.9,10000,,False,MAIS VENDIDO,15.59232,0.1541013792497584,10.688471664763245,,Ofertas,https://www.mercadolivre.com.br/mini-bicicleta-ergometrica-cicloergometro-pedalinho-bike-lft/up/MLBU3203182114
MLB3856025443,Kit 3 Camisetas Premium Tech Minimalista Anti Amassado Eiv,"Calçados, Roupas e Bolsas",16,163.4,234,30,4.7,1000,,True,RELÂMPAGO,23.529600000000002,0.174410085214794,10.493649367173981,,Ofertas,https://produto.mercadolivre.com.br/MLB-3856025443-kit-3-camisetas-premium-tech-minimalista-anti-amassado-eiv-_JM
MLB4004411403,Kit 5 Calças Masculina Jeans Com Elastano Trabalho/passeio,"Calçados, Roupas e Bolsas",16,188,360.61,48,4.7,1000,,False,OFERTA IMPERDÍVEL,27.072,0.2006676623034349,10.429428746811837,,Ofertas,https://produto.mercadolivre.com.br/MLB-4004411403-kit-5-calcas-masculina-jeans-com-elastano-trabalhopasseio-_JM
MLB6914228718,Cadeira de Escritório Gamer Giant Innovation Ergonômica com Apoio de Braços Ajustável,Games,12,443.81,519,14,4.8,100,,True,RELÂMPAGO,47.93148000000001,0.23685722129491346,10.372211816978373,,Ofertas,https://www.mercadolivre.com.br/cadeira-de-escritorio-gamer-giant-innovation-ergonomica-com-apoio-de-bracos-ajustavel/p/MLB64635156
MLB2216999687,Kit 3x Colágeno Verisol Ácido Hialurônico Biotina Renova Be,Esportes e Fitness,16,176.61,408.9,57,4.8,1000,,False,RELÂMPAGO,25.431840000000005,0.1885101906351577,10.316397038984025,,Ofertas,https://produto.mercadolivre.com.br/MLB-2216999687-kit-3x-colageno-verisol-acido-hialurnico-biotina-renova-be-_JM
MLB1347651126,Bota Coturno Crshoes Masculino Branco Com Zíper 9013,"Calçados, Roupas e Bolsas",16,115.45,139.89,17,4.4,10000,,True,RELÂMPAGO,16.6248,0.16430554335412456,10.292099235702363,,Ofertas,https://produto.mercadolivre.com.br/MLB-1347651126-bota-coturno-crshoes-masculino-branco-com-ziper-9013-_JM
MLB3765473453,Kit 6 Cuecas Boxer Mash Poliamida Toque Gelado Sem Costura,"Calçados, Roupas e Bolsas",16,97,229.99,58,4.8,10000,,True,,13.968,0.13804796626548357,10.270768690151979,,Ofertas,https://produto.mercadolivre.com.br/MLB-3765473453-kit-6-cuecas-boxer-mash-poliamida-toque-gelado-sem-costura-_JM
MLB5156948699,Piscina Inflável Retangular 3000l Resistente Piscina De 3 M E 4 Camadas,Brinquedos e Hobbies,12,477.96,1162,59,5.0,50,,False,RELÂMPAGO,51.619679999999995,0.25508275498550464,10.221686005567614,,Ofertas,https://www.mercadolivre.com.br/piscina-inflavel-retangular-3000l-resistente/up/MLBU4994215311
MLB6201021154,Cadeira De Alimentação Bebê Portátil Rosa - Cadeirão - 3 Em 1 - I Love Baby ®,Bebês,12,194.99,291.51,33,4.9,1000,,True,OFERTA DO DIA,21.05892,0.1560964925766494,10.21106736481209,,Ofertas,https://www.mercadolivre.com.br/cadeira-de-alimentacao-bebe-portatil-rosa-cadeirao-3-em-1-i-love-baby-/p/MLB64971048
MLB7443466120,"Mochila sem gênero, impermeável, reforçada, com capacidade ampliada de 30-42L, adequada para portátil, viagens diárias, cor preta","Calçados, Roupas e Bolsas",16,86.84,216,60,4.9,5000,,True,RELÂMPAGO,12.50496,0.12358850918035669,10.128270080255009,,Ofertas,https://www.mercadolivre.com.br/mochila-sem-genero-impermeavel-reforcada-com-capacidade-ampliada-de-30-42l-adequada-para-portatil-viagens-diarias-cor-preta/p/MLB75625924
MLB3646373243,Huggies Fralda Descartável Máxima Proteção XG - 112 Un,Bebês,12,149.67,197.75,24,4.9,50000,,False,OFERTA IMPERDÍVEL,16.164360000000002,0.15975494157954845,10.045390726522008,,Ofertas,https://www.mercadolivre.com.br/huggies-fralda-descartavel-maxima-protecao-xg-112-un/p/MLB17336025
MLB4641589414,Huggies Fralda Descartável Máxima Proteção XXG - 112 Un,Bebês,12,149.66,197.75,24,4.9,10000,,False,OFERTA IMPERDÍVEL,16.16328,0.15974426776772377,10.044719557234473,,Ofertas,https://www.mercadolivre.com.br/huggies-fralda-descartavel-maxima-protecao-xxg-112-un/p/MLB34295736
MLB7658160878,"Botijao Termico A Vacuo Inox 7,5 L Torneira Alça Reforçada",Esportes e Fitness,16,149.9,249.9,40,5.0,50,,True,RELÂMPAGO,21.585600000000003,0.2133339190020206,10.027423423269774,,Ofertas,https://www.mercadolivre.com.br/botijao-termico-a-vacuo-inox-75-l-torneira-alca-reforcada/up/MLBU5194907449
MLB4526973063,Camiseta Est Assinatura Carro Senna Reserva Branco Senna Gg Estampa Localizada,"Calçados, Roupas e Bolsas",16,132.3,239,45,5.0,100,,True,OFERTA DO DIA,19.0512,0.18828604058684004,10.00107700180071,,Ofertas,https://www.mercadolivre.com.br/camiseta-est-assinatura-carro-senna-reserva/up/MLBU3836004339
MLB1588803733,Mochila Bolsa Maternidade Lequeen Moda Multifuncional Cinza,Bebês,12,198,254.77,22,4.9,10000,,False,RELÂMPAGO,21.384,0.15850610559606432,9.865420012299044,,Ofertas,https://produto.mercadolivre.com.br/MLB-1588803733-mochila-bolsa-maternidade-lequeen-moda-multifuncional-cinza-_JM
MLB6726357704,Mochila À Prova D'água Reforçada Expansível Para Viagens Diá Preto,"Calçados, Roupas e Bolsas",16,102.51,289,65,4.9,5000,,False,RELÂMPAGO,14.761440000000002,0.14588966001932707,9.762143810561419,,Ofertas,https://www.mercadolivre.com.br/mochila-a-prova-dagua-reforcada-expansivel-para-viagens-dia/up/MLBU3951542930
MLB4018339513,Conjunto Masculino Slim Fit Italiano Blazer Calça Primavera,"Calçados, Roupas e Bolsas",16,176.7,330.79,47,4.7,1000,,False,RELÂMPAGO,25.4448,0.18860625494157954,9.754265067379041,,Ofertas,https://produto.mercadolivre.com.br/MLB-4018339513-conjunto-masculino-slim-fit-italiano-blazer-calca-primavera-_JM
MLB4519182791,"Kit Com 5 Camisetas Básicas Feminina Hering Preto, Branco E Cinza Liso Xg","Calçados, Roupas e Bolsas",16,88.92,249.99,64,4.7,5000,,True,OFERTA DO DIA,12.80448,0.1265487129930598,9.704844626699325,,Ofertas,https://www.mercadolivre.com.br/kit-com-5-camisetas-basicas-feminina-hering/up/MLBU755585454
MLB4236797631,Shot Matinal Personalize Pharma de L-Glutamina e NAC para Imunidade Sabor Tangerina 150g,Esportes e Fitness,16,99,171,42,4.9,1000,,True,RELÂMPAGO,14.256,0.1408943160853905,9.541271231165199,,Ofertas,https://www.mercadolivre.com.br/shot-matinal-personalize-pharma-de-l-glutamina-e-nac-para-imunidade-sabor-tangerina-150g/p/MLB58989504
MLB5906265712,Patinete Infantil 3 Rodas Com Luz Led Menino Menina 40 Kg,Brinquedos e Hobbies,12,140.4,289.99,52,4.8,1000,,False,MAIS VENDIDO,15.163200000000003,0.14986031801809716,9.400259145604068,,Ofertas,https://produto.mercadolivre.com.br/MLB-5906265712-patinete-infantil-3-rodas-com-luz-led-menino-menina-40-kg-_JM
MLB2062536329,Piscina Inflável Fun Redonda 1400l Com Kit Reparo - Mor,Brinquedos e Hobbies,12,152.33,279,45,4.8,50000,,False,MAIS VENDIDO,16.45164,0.12194563164367918,9.365424510234561,,Ofertas,https://www.mercadolivre.com.br/piscina-inflavel-fun-redonda-1400l-com-kit-reparo-mor/p/MLB10923645
MLB6857654842,Kit 7 Camisetas Basica Masculina Algodão Fio 30.1 Premium Sortidas G,"Calçados, Roupas e Bolsas",16,129,199.99,35,4.8,1000,,False,RELÂMPAGO,18.576,0.18358956338399365,9.342050668424763,,Ofertas,https://www.mercadolivre.com.br/kit-7-camisetas-basica-masculina-algodao-fio-301-premium/up/MLBU4016163339
MLB4388911224,Calça Masculina Sarja Premium Esporte Fino Bolso Faca Lycra,"Calçados, Roupas e Bolsas",16,74.99,99.99,25,4.8,250000,,True,MAIS VENDIDO,10.798559999999998,0.1067238864974084,9.220943793376087,,Ofertas,https://produto.mercadolivre.com.br/MLB-4388911224-calca-masculina-sarja-premium-esporte-fino-bolso-faca-lycra-_JM
MLB3918265585,Triciclo Motoquinha Duas Cesta Vermelho Velocipede Infantil,Bebês,12,144.82,226.9,36,4.6,1000,,True,RELÂMPAGO,15.640559999999999,0.15457814284459276,9.191595418878043,,Ofertas,https://www.mercadolivre.com.br/triciclo-motoquinha-duas-cesta-vermelho-velocipede-infantil/p/MLB43861705
MLB1858445728,Chinelo Havaianas Masculino Power 2.0 Anatômica Massageadora,"Calçados, Roupas e Bolsas",16,69.99,119.99,42,4.8,100000,,True,MAIS VENDIDO,10.07856,0.09960801194764121,9.14799981727137,,Ofertas,https://produto.mercadolivre.com.br/MLB-1858445728-chinelo-havaianas-masculino-power-20-anatmica-massageadora-_JM
MLB4176190161,Triciclo Moto Trail Infantil 2 Em 1 Com Pedal - Vermelha Vermelho,Bebês,12,295.9,465.9,36,5.0,50,,False,OFERTA DO DIA,31.957199999999997,0.23687856891856265,8.917543806387416,,Ofertas,https://www.mercadolivre.com.br/triciclo-moto-trail-infantil-2-em-1-com-pedal--vermelha/up/MLBU3385328956
MLB5136589984,Tenis Masculino Sapatenis Polo Feet Sapato Casual Promoção,"Calçados, Roupas e Bolsas",16,74.92,99.9,25,4.7,50000,,True,MAIS VENDIDO,10.78848,0.10662426425371167,8.913788491610298,,Ofertas,https://produto.mercadolivre.com.br/MLB-5136589984-tenis-masculino-sapatenis-polo-feet-sapato-casual-promoco-_JM
MLB5411709754,Pre Treino Raze Frutas Amarelas 300g Dark Lab,Esportes e Fitness,16,78.9,189.9,58,4.8,5000,,True,OFERTA IMPERDÍVEL,11.361600000000001,0.11228850039532637,8.906732801285784,,Ofertas,https://www.mercadolivre.com.br/pre-treino-raze-frutas-amarelas-300g-dark-lab/p/MLB50548497
MLB6447720792,Camiseta Assinatura Carro Senna Reserva Preto Senna G Estampa Localizada,"Calçados, Roupas e Bolsas",16,130.5,239,45,5.0,50,,True,OFERTA DO DIA,18.791999999999998,0.1857243257489238,8.890593890206738,,Ofertas,https://www.mercadolivre.com.br/camiseta-assinatura-carro-senna-reserva/up/MLBU3846272088
MLB6214952266,Berço Bebe Completo Robusto Rodinhas Mosquiteiro 3x1 Bela Branco,Bebês,12,491.44,779,37,5.0,25,,False,RELÂMPAGO,53.07552,0.26227690415531935,8.847215731061151,,Ofertas,https://www.mercadolivre.com.br/berco-bebe-completo-robusto-rodinhas-mosquiteiro-3x1-bela/up/MLBU3764078193
MLB3374416249,Calça Legging Poliamida Sem Costura Benévola Leg Confortável,"Calçados, Roupas e Bolsas",16,75.97,259.99,71,4.7,50000,,True,OFERTA DO DIA,10.939680000000001,0.10811859790916277,8.822477589387683,,Ofertas,https://produto.mercadolivre.com.br/MLB-3374416249-calca-legging-poliamida-sem-costura-benevola-leg-confortavel-_JM
MLB4458217289,Calça Cargo 8 Bolsos  Jeans Feminina Cintura Alta,"Calçados, Roupas e Bolsas",16,95.4,159,40,4.8,1000,,True,RELÂMPAGO,13.7376,0.13577088640955812,8.82063388693129,,Ofertas,https://produto.mercadolivre.com.br/MLB-4458217289-calca-cargo-8-bolsos-jeans-feminina-cintura-alta-_JM
MLB4085597457,Camiseta Light T-shirt Insider Masculino,"Calçados, Roupas e Bolsas",16,78,189,59,4.8,100000,,False,MAIS VENDIDO,11.232000000000001,0.11100764297636825,8.702999209347272,,Ofertas,https://produto.mercadolivre.com.br/MLB-4085597457-camiseta-light-t-shirt-insider-masculino-_JM
MLB5147251938,Kit 9 Pares Meias Puma Soquete Cano Curto Sapatilha Original,"Calçados, Roupas e Bolsas",16,62.92,124,49,4.9,10000,,True,MAIS VENDIDO,9.06048,0.0895461653342704,8.675232497584117,,Ofertas,https://produto.mercadolivre.com.br/MLB-5147251938-kit-9-pares-meias-puma-soquete-cano-curto-sapatilha-original-_JM
MLB1102521527,Triciclo Infantil Empurrador Unicórnio Fantasy Calesita Rosa Rosa,Bebês,12,295.9,469.9,37,4.9,50,,False,OFERTA DO DIA,31.957199999999997,0.23687856891856265,8.59942659350133,,Ofertas,https://www.mercadolivre.com.br/triciclo-infantil-empurrador-unicornio-fantasy-calesita-rosa/up/MLBU1961096033
MLB6491789532,Brastoy Bebê Reborn Boneca Totalmente Lavável 48Cm Menina Silicone Realistas E Acessórios Completos Para Coleção,Brinquedos e Hobbies,12,222.5,319,30,4.7,500,,True,,24.03,0.17811923482386013,8.59351993173918,,Ofertas,https://www.mercadolivre.com.br/brastoy-bebe-reborn-boneca-totalmente-lavavel-48cm-menina-silicone-realistas-e-acessorios-completos-para-colecao/p/MLB66941583
MLB4839435023,Mochila jiesipote-9242 À Prova D'água Reforçada Expansível Cor Preto,"Calçados, Roupas e Bolsas",16,84.63,269,69,4.9,10000,,False,RELÂMPAGO,12.18672,0.12044329262935956,8.575562435210403,,Ofertas,https://www.mercadolivre.com.br/mochila-jiesipote-9242-prova-dagua-reforcada-expansivel-cor-preto/p/MLB74678961
MLB1670313415,Mochila Bolsa Lequeen Dândi Smart Multifuncional Moderna,Bebês,12,194,499.9,61,4.8,1000,,False,RELÂMPAGO,20.952,0.15530396204866903,8.49915502617165,,Ofertas,https://produto.mercadolivre.com.br/MLB-1670313415-mochila-bolsa-lequeen-dndi-smart-multifuncional-moderna-_JM
MLB4049279695,Tênis Masculino Feminino Kappa Park 2.0 Original,"Calçados, Roupas e Bolsas",16,72.52,169.99,57,4.7,250000,,True,OFERTA IMPERDÍVEL,10.442879999999999,0.1032086444698234,8.421825388737592,,Ofertas,https://produto.mercadolivre.com.br/MLB-4049279695-tnis-masculino-feminino-kappa-park-20-original-_JM
MLB990629441,Kit 6 Pares Meias Lupo Cano Médio Esportivas Academia,"Calçados, Roupas e Bolsas",16,64.99,103.1,37,4.8,250000,,True,MAIS VENDIDO,9.358559999999999,0.092492137397874,8.346490478784151,,Ofertas,https://produto.mercadolivre.com.br/MLB-990629441-kit-6-pares-meias-lupo-cano-medio-esportivas-academia-_JM
MLB5327186692,Casinha De Bonecas Mdf 80cm + Kit 52 Móveis Desmontados,Brinquedos e Hobbies,12,116.07,182.9,37,4.9,1000,,True,RELÂMPAGO,12.53556,0.12389093384872175,8.231215666851375,,Ofertas,https://www.mercadolivre.com.br/casinha-de-bonecas-mdf-80cm-kit-52-moveis-desmontados/p/MLB47375476
MLB4592320910,Kit 4 Camiseta Dry-fit Sandrini Masculina Academia Caminhada,"Calçados, Roupas e Bolsas",16,64.99,135.41,52,4.6,100000,,True,MAIS VENDIDO,9.358559999999999,0.092492137397874,8.21330180093121,,Ofertas,https://produto.mercadolivre.com.br/MLB-4592320910-kit-4-camiseta-dry-fit-sandrini-masculina-academia-caminhada-_JM
MLB6661097288,Kit Com 350 Figurinhas Da Copa Do Mundo 2026 - 50 Envelopes,Brinquedos e Hobbies,12,109.9,429,74,4.9,1000,,True,OFERTA IMPERDÍVEL,11.869200000000003,0.11730519195291225,8.184098227448233,,Ofertas,https://www.mercadolivre.com.br/kit-com-350-figurinhas-da-copa-do-mundo-2026--50-envelopes/up/MLBU3924524440
MLB3359733791,Mochila Bolsa Lequeen Smart Multifuncional Moderna Cor Rosa Com Cinza Bolsa Maternidade Grande 26l Mochila Maternidade Com Trocador Conta Com 17 Bolsos Para OrganizaçãO Completa Encaixe Usb E Trocador,Bebês,12,194,499.9,61,4.9,500,,False,RELÂMPAGO,20.952,0.15530396204866903,8.18229627856393,,Ofertas,https://www.mercadolivre.com.br/mochila-bolsa-lequeen-smart-multifuncional-moderna-cor-rosa-com-cinza-bolsa-maternidade-grande-26l-mochila-maternidade-com-trocador-conta-com-17-bolsos-para-organizacao-completa-encaixe-usb-e-trocador/p/MLB23999564
MLB3750441670,Mochila Bolsa Lequeen DâNdi Smart Multifuncional Moderna Cor Cinza Kit Bolsa Maternidade Luxo Mas Grande Capacidade 26 Litros 17 Bolsos Organizadores Para Separar Seus Itens De Bebê,Bebês,12,194,499.9,61,4.9,500,,False,RELÂMPAGO,20.952,0.15530396204866903,8.18229627856393,,Ofertas,https://www.mercadolivre.com.br/mochila-bolsa-lequeen-dandi-smart-multifuncional-moderna-cor-cinza-kit-bolsa-maternidade-luxo-mas-grande-capacidade-26-litros-17-bolsos-organizadores-para-separar-seus-itens-de-bebe/p/MLB23986833
MLB3752722330,Mochila Bolsa Lequeen Dândi Smart Multifuncional Moderna Cor Preto,Bebês,12,194,499.9,61,4.9,500,,False,RELÂMPAGO,20.952,0.15530396204866903,8.18229627856393,,Ofertas,https://www.mercadolivre.com.br/mochila-bolsa-lequeen-dandi-smart-multifuncional-moderna-cor-preto/p/MLB23224263
MLB4516214103,Fones de ouvido intra-auriculares sem fio para jogos Haylou Mori Plus Black,Games,12,144,289.99,50,4.7,500,,True,,15.552000000000001,0.15370289027497147,8.143436768842964,,Ofertas,https://www.mercadolivre.com.br/fones-de-ouvido-intra-auriculares-sem-fio-para-jogos-haylou-mori-plus-black/p/MLB61442089
MLB4941532157,Pneu Bike Elétrica Scooter 14x2.50 Sem Camara Preto Klosh,Brinquedos e Hobbies,12,156.75,271.98,42,5.0,500,,True,RELÂMPAGO,16.929,0.1254840002635509,8.119161422678856,,Ofertas,https://www.mercadolivre.com.br/pneu-bike-eletrica-scooter-14x250-sem-camara-preto-klosh/up/MLBU4411424137
MLB4136559051,Kit 3 Daily T-shirt Feminino - Gênero Feminino,"Calçados, Roupas e Bolsas",16,177.65,435,59,4.9,100,,False,OFERTA IMPERDÍVEL,25.5816,0.18962026706492136,8.112246350536152,,Ofertas,https://produto.mercadolivre.com.br/MLB-4136559051-kit-3-daily-t-shirt-feminino-gnero-feminino-_JM
MLB1837525408,Kit Com 10 Cuecas Boxer Masculina Microfibra Original,"Calçados, Roupas e Bolsas",16,78.99,138,43,4.8,100000,,True,,11.374559999999999,0.11241658613722214,8.11198085566195,,Ofertas,https://produto.mercadolivre.com.br/MLB-1837525408-kit-com-10-cuecas-boxer-masculina-microfibra-original-_JM
MLB3392296475,Calça Jeans Wide Leg Feminina Cintura Alta Sem Lycra Stillge,"Calçados, Roupas e Bolsas",16,63.9,109.99,42,4.7,100000,,True,MAIS VENDIDO,9.201600000000001,0.09094087674602479,8.097375665466048,,Ofertas,https://produto.mercadolivre.com.br/MLB-3392296475-calca-jeans-wide-leg-feminina-cintura-alta-sem-lycra-stillge-_JM
MLB3239976866,Kit 6 Pares Meias Puma Cano Médio Alto Atoalhada Original,"Calçados, Roupas e Bolsas",16,69.97,199,65,4.9,500000,,False,MAIS VENDIDO,10.07568,0.09957954844944217,8.085859334094705,,Ofertas,https://produto.mercadolivre.com.br/MLB-3239976866-kit-6-pares-meias-puma-cano-medio-alto-atoalhada-original-_JM
MLB4073616043,Cadeira de Alimentação Tradicional para Bebê em Madeira com Bandeja Imbuia,Bebês,12,308.58,363.99,15,4.7,100,,False,RELÂMPAGO,33.326640000000005,0.2470293639638057,8.074652907419319,,Ofertas,https://www.mercadolivre.com.br/cadeira-de-alimentacao-tradicional-para-bebe-em-madeira-com-bandeja-imbuia/p/MLB50402838
MLB3359136401,Bolsa Mochila Maternidade Lequeen Star Multifuncional Bebê Cor Rosa Bolsa Bebe Menina Bolsa Maternidade Grande 17L Mochila Maternidade Menina 4 X Bolsos Para Mamadeira,Bebês,12,184,409.9,55,5.0,500,,False,RELÂMPAGO,19.872,0.14729860318018095,8.065717749401024,,Ofertas,https://www.mercadolivre.com.br/bolsa-mochila-maternidade-lequeen-star-multifuncional-bebe-cor-rosa-bolsa-bebe-menina-bolsa-maternidade-grande-17l-mochila-maternidade-menina-4-x-bolsos-para-mamadeira/p/MLB23874376
MLB5075782575,"Mochila feminina, reforçada, impermeável, com capacidade para laptop, ideal para viagens diárias, ida à escola e deslocamentos de trabalho.","Calçados, Roupas e Bolsas",16,79.99,198,60,4.9,1000,,True,RELÂMPAGO,11.518559999999999,0.11383976104717558,7.942323533073507,,Ofertas,https://www.mercadolivre.com.br/mochila-feminina-reforcada-impermeavel-com-capacidade-para-laptop-ideal-para-viagens-diarias-ida-escola-e-deslocamentos-de-trabalho/p/MLB75615449
MLB7127862024,Mochila de Viagem Executiva 40L Notebook 17 Preta Masculina Feminina Impermeável Expansível com Porta USB,"Calçados, Roupas e Bolsas",16,91.05,121.18,25,4.8,1000,,True,OFERTA IMPERDÍVEL,13.1112,0.12958007555126067,7.920793683963449,,Ofertas,https://www.mercadolivre.com.br/mochila-de-viagem-executiva-40l-notebook-17-preta-masculina-feminina-impermeavel-expansivel-com-porta-usb/p/MLB75230160
MLB1886834300,Kit 3 Camisetas Térmicas Masculina Segunda Pele Camisa Uv50-,"Calçados, Roupas e Bolsas",16,69.9,122.9,43,4.7,100000,,True,OFERTA IMPERDÍVEL,10.065600000000002,0.0994799262057454,7.894726943687956,,Ofertas,https://produto.mercadolivre.com.br/MLB-1886834300-kit-3-camisetas-termicas-masculina-segunda-pele-camisa-uv50--_JM
MLB3978883539,Kit3 Short Futebol Bermuda Masculina Academia Treino Esporte,"Calçados, Roupas e Bolsas",16,67.9,139.9,51,4.7,50000,,True,OFERTA IMPERDÍVEL,9.777600000000001,0.09663357638583853,7.8852998330844235,,Ofertas,https://produto.mercadolivre.com.br/MLB-3978883539-kit3-short-futebol-bermuda-masculina-academia-treino-esporte-_JM
MLB3443829616,Kit 3 Bermudas Lisas Amarração Shorts Academia Treino Praia,"Calçados, Roupas e Bolsas",16,74,117.54,37,4.6,10000,,True,RELÂMPAGO,10.656,0.10531494333655451,7.860707370640429,,Ofertas,https://produto.mercadolivre.com.br/MLB-3443829616-kit-3-bermudas-lisas-amarraco-shorts-academia-treino-praia-_JM
MLB4392538214,Calça Jeans Masculina Tradicional Corte Reto,"Calçados, Roupas e Bolsas",16,59.99,99.92,40,4.8,100000,,True,MAIS VENDIDO,8.63856,0.08537626284810683,7.786315171747344,,Ofertas,https://produto.mercadolivre.com.br/MLB-4392538214-calca-jeans-masculina-tradicional-corte-reto-_JM
MLB4028845341,Tênis Kappa Run 200 Original Caminhada Academia,"Calçados, Roupas e Bolsas",16,94.99,99.99,5,4.7,100000,,True,,13.67856,0.13518738469647718,7.732718404638495,,Ofertas,https://produto.mercadolivre.com.br/MLB-4028845341-tnis-kappa-run-200-original-caminhada-academia-_JM
MLB3240424598,Kit 9 Pares Meias Puma Sapatilha Soquete Invisível Original,"Calçados, Roupas e Bolsas",16,68.99,199.99,66,4.8,250000,,False,MAIS VENDIDO,9.93456,0.09818483703768777,7.697691223754721,,Ofertas,https://produto.mercadolivre.com.br/MLB-3240424598-kit-9-pares-meias-puma-sapatilha-soquete-invisivel-original-_JM
MLB6843791566,Macacão Jeans Feminino Wide Leg Com Elastano Bárbara,"Calçados, Roupas e Bolsas",16,158.49,219.9,28,4.8,500,,False,RELÂMPAGO,22.822560000000003,0.16916924360889046,7.681029454607676,,Ofertas,https://produto.mercadolivre.com.br/MLB-6843791566-macaco-jeans-feminino-wide-leg-com-elastano-barbara-_JM
MLB4306855319,"Basike Fone De Ouvido Sem Fio Esportivo Bluetooth6.0 Tws, Corrida Gancho, À Prova D'água, Com Gan, Tela Led Dupla, Suporta Chamadas De Voz, Adequadas Para Android E Ios, Cor Rosa",Games,12,171.71,315,45,4.9,1000,,False,OFERTA DO DIA,18.54468,0.1374600171308091,7.654604336548039,,Ofertas,https://www.mercadolivre.com.br/basike-fone-de-ouvido-sem-fio-esportivo-bluetooth60-tws-corrida-gancho-prova-dagua-com-gan-tela-led-dupla-suporta-chamadas-de-voz-adequadas-para-android-e-ios-cor-rosa/p/MLB53029275
MLB7610585140,Esteira Elétrica 2.5hp Inclinação Dobrável 10km/h 120kg Preto 127v,Esportes e Fitness,16,1356,1999,32,,,,True,RELÂMPAGO,195.264,0.6754388122639021,7.597335760344372,,Ofertas,https://www.mercadolivre.com.br/esteira-eletrica-25hp-inclinacao-dobravel-10kmh-120kg/up/MLBU5117027451
MLB3896678839,Kit 3 Bermuda Masculina Importada Seda  Secagem Rápida,"Calçados, Roupas e Bolsas",16,86.54,121.53,29,4.8,50000,,False,OFERTA IMPERDÍVEL,12.461760000000002,0.12316155670737067,7.596604817710623,,Ofertas,https://produto.mercadolivre.com.br/MLB-3896678839-kit-3-bermuda-masculina-importada-seda-secagem-rapida-_JM
MLB4587377807,Fone De Ouvido Headphone Dapon H02D Bluetooth 5.1 Over-ear 22h Preto,Games,12,72.59,149,51,4.9,100000,,True,MAIS VENDIDO,7.839720000000001,0.07748120003514013,7.531172643415622,,Ofertas,https://www.mercadolivre.com.br/fone-de-ouvido-headphone-dapon-h02d-bluetooth-51-over-ear-22h-preto/p/MLB24117280
MLB6203660830,Kit 4 Shorts 2 Em 1 Duplo Dryfit Masculino Compressão Térmic,"Calçados, Roupas e Bolsas",16,89.99,142,37,4.6,50000,,False,OFERTA IMPERDÍVEL,12.958559999999999,0.12807151014670998,7.510113355003072,,Ofertas,https://produto.mercadolivre.com.br/MLB-6203660830-kit-4-shorts-2-em-1-duplo-dryfit-masculino-compresso-termic-_JM
MLB5713154316,Mala Mao Extensor 10kg Aviao Aeroporto Giratoria Bordo Pp,"Calçados, Roupas e Bolsas",16,170.9,399.9,57,4.8,100,,False,OFERTA IMPERDÍVEL,24.6096,0.18241544408328209,7.497113568322809,,Ofertas,https://produto.mercadolivre.com.br/MLB-5713154316-mala-mao-extensor-10kg-aviao-aeroporto-giratoria-bordo-pp-_JM
MLB5396883034,Calça Cargo Feminina Wide Leg Cintura Alta Jeans  Stillger,"Calçados, Roupas e Bolsas",16,64,110.9,42,4.8,100000,,True,OFERTA IMPERDÍVEL,9.216000000000001,0.09108319423702013,7.454248616357728,,Ofertas,https://produto.mercadolivre.com.br/MLB-5396883034-calca-cargo-feminina-wide-leg-cintura-alta-jeans-stillger-_JM
MLB6463943644,Bebê Boneca Reborn Menina Maddie Unicórnio Corpinho Silicone,Brinquedos e Hobbies,12,91.91,189.9,52,4.8,1000,,True,MAIS VENDIDO,9.926280000000002,0.09810300448036548,7.409542890033683,,Ofertas,https://www.mercadolivre.com.br/bebe-boneca-reborn-menina-maddie-unicornio-corpinho-silicone/p/MLB66595119
MLB3747280790,Mochila Bolsa Maternidade Lequeen Saquinho Maternidade Personalizado E Multifuncional Bolsa Feminina De Estilo Arte Com Frasqueira Para Bebe E Bolsa Termica Para Mamadeira Cor Rosa,Bebês,12,181,249.03,27,4.9,1000,,False,RELÂMPAGO,19.548,0.1448969955196345,7.400982417979026,,Ofertas,https://www.mercadolivre.com.br/mochila-bolsa-maternidade-lequeen-saquinho-maternidade-personalizado-e-multifuncional-bolsa-feminina-de-estilo-arte-com-frasqueira-para-bebe-e-bolsa-termica-para-mamadeira-cor-rosa/p/MLB23541950
MLB4057042938,Chinelo Havaianas Dual Masculina,"Calçados, Roupas e Bolsas",16,57.66,78.99,27,4.9,50000,,True,MAIS VENDIDO,8.303040000000001,0.08206026530791531,7.372294235263112,,Ofertas,https://produto.mercadolivre.com.br/MLB-4057042938-chinelo-havaianas-dual-masculina-_JM
MLB6740127382,Carretilha Molinete De Pesca Sports - Relação De Recúo 5.2:1 A1-he7000 Direito/esquerdo,Esportes e Fitness,16,62.17,114.99,46,4.8,10000,,True,RELÂMPAGO,8.952480000000001,0.08847878415180534,7.3543565386980605,,Ofertas,https://www.mercadolivre.com.br/carretilha-molinete-de-pesca-sports--relacao-de-recuo-521/up/MLBU3326840316
MLB3535631203,Chinelos Masculino Leve Nuvem Confortável Massagem Slide,"Calçados, Roupas e Bolsas",16,65.51,158,59,4.6,10000,,True,RELÂMPAGO,9.433440000000001,0.09323218835104981,7.346696442062726,,Ofertas,https://produto.mercadolivre.com.br/MLB-3535631203-chinelos-masculino-leve-nuvem-confortavel-massagem-slide-_JM
MLB5287119628,Tênis Casual Academia Feminino E Masculino Skate Sneakers,"Calçados, Roupas e Bolsas",16,63.9,74.9,15,4.7,50000,,True,MAIS VENDIDO,9.201600000000001,0.09094087674602479,7.311646490380394,,Ofertas,https://produto.mercadolivre.com.br/MLB-5287119628-tnis-casual-academia-feminino-e-masculino-skate-sneakers-_JM
MLB6910203864,Kit 3 Peça Fitness Roupa Academia Legging + Cropped + Regata Verde Militar G,"Calçados, Roupas e Bolsas",16,97,199.99,51,4.7,1000,,False,RELÂMPAGO,13.968,0.13804796626548357,7.245543466106048,,Ofertas,https://www.mercadolivre.com.br/kit-3-peca-fitness-roupa-academia-legging--cropped--regata/up/MLBU4047566779
MLB5288797575,Mochila Tática Militar Impermeável E Resistente 50 Litros Preto,"Calçados, Roupas e Bolsas",16,89.09,199.98,55,4.9,1000,,False,RELÂMPAGO,12.82896,0.12679065272775192,7.2227793057819385,,Ofertas,https://www.mercadolivre.com.br/mochila-tatica-militar-impermeavel-e-resistente-50-litros/up/MLBU3696797097
MLB5826749660,Kit Com 10 Cuecas Boxer Microfibra Adulto Usee Brasil,"Calçados, Roupas e Bolsas",16,64.31,129.9,50,4.6,50000,,True,OFERTA DO DIA,9.26064,0.09152437845910567,7.212121022577527,,Ofertas,https://produto.mercadolivre.com.br/MLB-5826749660-kit-com-10-cuecas-boxer-microfibra-adulto-usee-brasil-_JM
MLB5102463393,Mochila Viagem 50l Grande Com Porta Sapatos E Usb Cor Azul celeste,"Calçados, Roupas e Bolsas",16,141.88,159,11,4.9,100,,False,RELÂMPAGO,20.43072,0.20192005622419396,7.124294906895173,,Ofertas,https://www.mercadolivre.com.br/mochila-viagem-50l-grande-com-porta-sapatos-e-usb-cor-azul-celeste/p/MLB76750833
MLB2135253140,Camisa Time Fit Kit Com 4 Academia Treino Corrida Top,"Calçados, Roupas e Bolsas",16,61.04,134.9,55,4.7,50000,,True,RELÂMPAGO,8.78976,0.08687059650355791,7.0886406746903265,,Ofertas,https://produto.mercadolivre.com.br/MLB-2135253140-camisa-time-fit-kit-com-4-academia-treino-corrida-top-_JM
MLB5279501970,Calça Country Feminina Rodeio Premium Bordada Elastano,"Calçados, Roupas e Bolsas",16,75.68,184.58,59,4.7,1000,,True,RELÂMPAGO,10.897920000000001,0.10770587718527631,7.031802666648277,,Ofertas,https://produto.mercadolivre.com.br/MLB-5279501970-calca-country-feminina-rodeio-premium-bordada-elastano-_JM
MLB4447542181,Pacote Com 1.000 Bolinhas Coloridas 76 mm Resistentes Não Amassam cor Azul Amarelo Vermelho Verde,Brinquedos e Hobbies,12,495.04,578.99,14,4.7,100,,False,,53.46432,0.2641981902837564,6.997578956180559,,Ofertas,https://www.mercadolivre.com.br/pacote-com-1000-bolinhas-coloridas-76-mm-resistentes-nao-amassam-cor-azul-amarelo-vermelho-verde/p/MLB54137734
MLB4524474431,Tênis Asics Gel Revelation Original Couro Academia Caminhada,"Calçados, Roupas e Bolsas",16,99.9,299.9,67,4.7,500,,False,OFERTA IMPERDÍVEL,14.385600000000002,0.14217517350434858,6.901448926444007,,Ofertas,https://produto.mercadolivre.com.br/MLB-4524474431-tnis-asics-gel-revelation-original-couro-academia-caminhada-_JM
MLB5926504528,Mochila Masculina Impermeável Faculdade Alça Reforçada 40lts Mochila Preta Reforçada Impermeável Viagem Avião De Bordo,"Calçados, Roupas e Bolsas",16,86.51,99.99,13,4.7,1000,,True,RELÂMPAGO,12.457440000000002,0.12311886146007203,6.871763058844249,,Ofertas,https://www.mercadolivre.com.br/mochila-masculina-impermeavel-faculdade-alca-reforcada-40lts/up/MLBU3558891878
MLB4495310972,Jaqueta Casaco Puffer De Frio Blusa Impermeável Inverno,"Calçados, Roupas e Bolsas",16,59.9,96.69,38,4.8,50000,,True,OFERTA IMPERDÍVEL,8.6256,0.08524817710621103,6.867593147676362,,Ofertas,https://produto.mercadolivre.com.br/MLB-4495310972-jaqueta-casaco-puffer-de-frio-blusa-impermeavel-inverno-_JM
MLB4592153367,Conjunto Feminino Comfy Blusa Assimétrica E Calça Pantalona,"Calçados, Roupas e Bolsas",16,91.14,159.9,43,4.8,1000,,False,RELÂMPAGO,13.12416,0.12970816129315646,6.865938567403175,,Ofertas,https://produto.mercadolivre.com.br/MLB-4592153367-conjunto-feminino-comfy-blusa-assimetrica-e-calca-pantalona-_JM
MLB3609309365,Kit 4 Bermudas Moletom Masculina Academia Casual Atacado,"Calçados, Roupas e Bolsas",16,121.24,139.9,13,4.7,500,,False,RELÂMPAGO,17.45856,0.17254572608275495,6.863982040453527,,Ofertas,https://produto.mercadolivre.com.br/MLB-3609309365-kit-4-bermudas-moletom-masculina-academia-casual-atacado-_JM
MLB3361426091,Bolsa Mochila Maternidade Feminina Lequeen Multifuncional Acessório Preta Kit Bolsa Maternidade Luxo Masculina Capacidade de 21 Litros com 18 bolsos compartimentados,Bebês,12,207,522.1,60,4.8,100,,False,RELÂMPAGO,22.356,0.1657109285777036,6.8105727412645765,,Ofertas,https://www.mercadolivre.com.br/bolsa-mochila-maternidade-feminina-lequeen-multifuncional-acessorio-preta-kit-bolsa-maternidade-luxo-masculina-capacidade-de-21-litros-com-18-bolsos-compartimentados/p/MLB24173089
MLB4689433023,Kit 6 Cuecas Boxer Sem Costura Polo Wear Microfibra,"Calçados, Roupas e Bolsas",16,62.9,99.99,37,4.8,5000,,True,OFERTA IMPERDÍVEL,9.0576,0.08951770183607134,6.750571467638302,,Ofertas,https://produto.mercadolivre.com.br/MLB-4689433023-kit-6-cuecas-boxer-sem-costura-polo-wear-microfibra-_JM
MLB6889483918,Boné De Corrida Unissex Essentials Running 5 Panel Puma,"Calçados, Roupas e Bolsas",16,98.99,149.99,34,4.8,100,,True,RELÂMPAGO,14.25456,0.14088008433629093,6.7110369132034196,,Ofertas,https://www.mercadolivre.com.br/bone-de-corrida-unissex-essentials-running-5-panel-puma/p/MLB56100785
MLB4235530897,Tapete Tatame Dobráve Infantil 120x180cmx6mm Dupla Face Bebê,Bebês,12,105.61,141.4,25,4.9,5000,,False,OFERTA DO DIA,11.40588,0.11272612668013705,6.695489885243143,,Ofertas,https://produto.mercadolivre.com.br/MLB-4235530897-tapete-tatame-dobrave-infantil-120x180cmx6mm-dupla-face-beb-_JM
MLB3752760834,Mochila Bolsa Lequeen Dândi Smart Multifuncional Moderna Cor Preto Com Cinza,Bebês,12,194,499.9,61,4.9,100,,False,RELÂMPAGO,20.952,0.15530396204866903,6.644142099651054,,Ofertas,https://www.mercadolivre.com.br/mochila-bolsa-lequeen-dandi-smart-multifuncional-moderna-cor-preto-com-cinza/p/MLB24005390
MLB3746504707,Chinelo Havaianas Masculino Top Max Comfort Anatômica Macia,"Calçados, Roupas e Bolsas",16,49.99,78.99,37,4.9,100000,,True,MAIS VENDIDO,7.1985600000000005,0.07114451374857243,6.61928555916718,,Ofertas,https://produto.mercadolivre.com.br/MLB-3746504707-chinelo-havaianas-masculino-top-max-comfort-anatmica-macia-_JM
MLB1871146249,Kit 4 Cuecas Boxer Lupo Algodão Confortável Box Original,"Calçados, Roupas e Bolsas",16,78.99,249.98,68,4.8,250000,,False,,11.374559999999999,0.11241658613722214,6.565128630413772,,Ofertas,https://produto.mercadolivre.com.br/MLB-1871146249-kit-4-cuecas-boxer-lupo-algodo-confortavel-box-original-_JM
MLB4780118671,Conjunto Bicolor Blackout Legging C/ Bolso E Top + Regata Terracota M,"Calçados, Roupas e Bolsas",16,104.72,199.99,48,4.5,500,,False,RELÂMPAGO,15.07968,0.14903487657032416,6.546278483731227,,Ofertas,https://www.mercadolivre.com.br/conjunto-bicolor-blackout-legging-c-bolso-e-top--regata/up/MLBU4108903198
MLB4070536065,279pçs Pista Dinossauro Track Flexível Com Carrinho Elétrico Verde,Brinquedos e Hobbies,12,107.64,299,64,4.9,1000,,False,OFERTA IMPERDÍVEL,11.62512,0.11489291048054115,6.545010364303241,,Ofertas,https://www.mercadolivre.com.br/279pcs-pista-dinossauro-track-flexivel-com-carrinho-eletrico/up/MLBU3192380710
MLB4113792113,Tênis Sandrini Aero Run Academia Caminhada Treino,"Calçados, Roupas e Bolsas",16,59.99,149.99,60,4.5,50000,,True,OFERTA IMPERDÍVEL,8.63856,0.08537626284810683,6.488595976456119,,Ofertas,https://produto.mercadolivre.com.br/MLB-4113792113-tnis-sandrini-aero-run-academia-caminhada-treino-_JM
MLB4187641695,Kit 10 Peças Roupa Infantil Menina Verão Conjunto Criança,"Calçados, Roupas e Bolsas",16,71.41,109.87,35,4.8,10000,,False,OFERTA IMPERDÍVEL,10.28304,0.10162892031977507,6.463599332337693,,Ofertas,https://produto.mercadolivre.com.br/MLB-4187641695-kit-10-pecas-roupa-infantil-menina-vero-conjunto-crianca-_JM
MLB7483837574,"Mochila feminina, ideal para deslocamentos diários, viagens e estudos, impermeável, reforçada, com capacidade para portátil, 24L (preto)","Calçados, Roupas e Bolsas",16,64.94,198,67,4.9,1000,,True,RELÂMPAGO,9.35136,0.09242097865237635,6.447987126363216,,Ofertas,https://www.mercadolivre.com.br/mochila-feminina-ideal-para-deslocamentos-diarios-viagens-e-estudos-impermeavel-reforcada-com-capacidade-para-portatil-24l-preto/p/MLB75536050
MLB3968113463,Calça Country Muladeiro Carpinteira  Masculina Rodeio Azul C,"Calçados, Roupas e Bolsas",16,67,145.7,54,4.8,1000,,True,RELÂMPAGO,9.648000000000001,0.09535271896688044,6.4389142557418415,,Ofertas,https://produto.mercadolivre.com.br/MLB-3968113463-calca-country-muladeiro-carpinteira-masculina-rodeio-azul-c-_JM
MLB4022491257,Kit 12 Calcinhas Algodão Premium Era Power Up Cueca Feminina,"Calçados, Roupas e Bolsas",16,91.04,129.9,30,4.8,1000,,False,RELÂMPAGO,13.109760000000001,0.12956584380216113,6.427163248611746,,Ofertas,https://produto.mercadolivre.com.br/MLB-4022491257-kit-12-calcinhas-algodo-premium-era-power-up-cueca-feminina-_JM
MLB5196699008,Kit 2 Calças Legging Feminina Grossa Cintura Alta Com Bolso,"Calçados, Roupas e Bolsas",16,62.6,119,47,4.6,10000,,False,MAIS VENDIDO,9.0144,0.0890907493630853,6.400279434244047,,Ofertas,https://produto.mercadolivre.com.br/MLB-5196699008-kit-2-calcas-legging-feminina-grossa-cintura-alta-com-bolso-_JM
MLB3929246093,Pelúcia Disney Divertida Mente 40cm Alegria Fun Cor Alegria,Bebês,12,141.99,269.9,47,4.9,100,,False,OFERTA IMPERDÍVEL,15.334920000000002,0.15155745409821667,6.396437892184718,,Ofertas,https://www.mercadolivre.com.br/pelucia-disney-divertida-mente-40cm-alegria-fun-cor-alegria/p/MLB44593979
MLB7229167814,Calça Wide Leg Pantalona Plus Size 48 Ao 66 Azul725 64,"Calçados, Roupas e Bolsas",16,122.06,176,31,5.0,50,,False,RELÂMPAGO,17.57664,0.17371272950891684,6.389090486035961,,Ofertas,https://www.mercadolivre.com.br/calca-wide-leg-pantalona-plus-size-48-ao-66/up/MLBU4406879596
MLB5522724810,Óculos De Sol Oval Feminino Saint Germain Capri Marrom Oval Dourado Marrom Dourado E Marrom,"Calçados, Roupas e Bolsas",16,64.21,183.42,65,4.9,1000,,True,RELÂMPAGO,9.246239999999998,0.09138206096811032,6.375504363778596,,Ofertas,https://www.mercadolivre.com.br/oculos-de-sol-oval-feminino-saint-germain-capri-marrom/up/MLBU3327622798
MLB5755197830,Kit 3 Shorts Masculino Bermuda Linho Verão Envio Imediato,"Calçados, Roupas e Bolsas",16,64.9,119.9,46,4.5,50000,,False,MAIS VENDIDO,9.345600000000001,0.0923640516559782,6.347257629798823,,Ofertas,https://produto.mercadolivre.com.br/MLB-5755197830-kit-3-shorts-masculino-bermuda-linho-vero-envio-imediato-_JM
MLB3904721955,Calça Jogger Cargo Masculina Sarja Calca Streetwear Punho,"Calçados, Roupas e Bolsas",16,56.09,98.9,43,4.7,100000,,True,OFERTA IMPERDÍVEL,8.076960000000001,0.07982588069928843,6.334981892295531,,Ofertas,https://produto.mercadolivre.com.br/MLB-3904721955-calca-jogger-cargo-masculina-sarja-calca-streetwear-punho-_JM
MLB4111260625,Tenis Academia Masculino Corrida Musculação Caminhada Treino,"Calçados, Roupas e Bolsas",16,58.41,64.9,10,4.6,50000,,True,MAIS VENDIDO,8.41104,0.08312764649038037,6.317701133268908,,Ofertas,https://produto.mercadolivre.com.br/MLB-4111260625-tenis-academia-masculino-corrida-musculaco-caminhada-treino-_JM
MLB4576433491,Pelúcia Boiadeirinha 35cm Infantil Rosa,Bebês,12,133,177.34,25,5.0,50,,True,RELÂMPAGO,14.364,0.14196169726785554,6.303688625799309,,Ofertas,https://www.mercadolivre.com.br/pelucia-boiadeirinha-35cm-infantil-rosa/p/MLB66900043
MLB3629364339,Short Bermuda Praia Linho Mauricinho Masculino Verão Voker,"Calçados, Roupas e Bolsas",16,62.68,78.9,21,4.6,10000,,True,RELÂMPAGO,9.025920000000001,0.0892046033558816,6.201504025300888,,Ofertas,https://produto.mercadolivre.com.br/MLB-3629364339-short-bermuda-praia-linho-mauricinho-masculino-vero-voker-_JM
MLB7118001570,Barraca Infantil Azul Toca Túnel 3 Em 1 Foguete Cercadinho,Brinquedos e Hobbies,12,130.03,169.98,24,4.8,500,,False,RELÂMPAGO,14.043240000000003,0.1387915751559343,6.170291770426291,,Ofertas,https://www.mercadolivre.com.br/barraca-infantil-azul-toca-tunel-3-em-1-foguete-cercadinho/p/MLB62557150
MLB3985571517,Calça Jeans Feminina Wide Leg Pantalona  100% Algodão,"Calçados, Roupas e Bolsas",16,62.99,69.99,10,4.7,100000,,True,RELÂMPAGO,9.07056,0.08964578757796714,6.167630185364141,,Ofertas,https://produto.mercadolivre.com.br/MLB-3985571517-calca-jeans-feminina-wide-leg-pantalona-100-algodo-_JM
MLB2067885628,Top Puma Academia Fitness Original Nadador Alta Sustentação,"Calçados, Roupas e Bolsas",16,43.69,93.03,53,4.9,100000,,True,MAIS VENDIDO,6.291359999999999,0.06217851181586576,6.043751348502154,,Ofertas,https://produto.mercadolivre.com.br/MLB-2067885628-top-puma-academia-fitness-original-nadador-alta-sustentaco-_JM
MLB4100301555,Calça Jeans Flare Feminina Cintura Alta Com Elastano,"Calçados, Roupas e Bolsas",16,51.99,139.99,63,4.7,10000,,True,OFERTA IMPERDÍVEL,7.486560000000001,0.07399086356847931,6.037654467187912,,Ofertas,https://produto.mercadolivre.com.br/MLB-4100301555-calca-jeans-flare-feminina-cintura-alta-com-elastano-_JM
MLB2798483598,Kit Brinquedo Educativo Mesa Didatica Atividades Infantil Colorido,Brinquedos e Hobbies,12,65.9,119,45,4.9,10000,,True,RELÂMPAGO,7.1172,0.07034041992444874,6.021139945532813,,Ofertas,https://www.mercadolivre.com.br/kit-brinquedo-educativo-mesa-didatica-atividades-infantil/up/MLBU1359122620
MLB4631433866,Saia Alfaiataria Plus Size Rodada Evasê Cós Alto Evangélica,"Calçados, Roupas e Bolsas",16,50.03,129.9,61,4.8,10000,,True,RELÂMPAGO,7.20432,0.07120144074497056,6.009401598875516,,Ofertas,https://produto.mercadolivre.com.br/MLB-4631433866-saia-alfaiataria-plus-size-rodada-evas-cos-alto-evangelica-_JM
MLB4419438941,Saída De Maternidade Menina Lilás Tule Bordado Lilás 0 A 3 Meses,Bebês,12,105.74,159.9,34,4.9,1000,,False,OFERTA IMPERDÍVEL,11.41992,0.1128648862338575,5.967136825530553,,Ofertas,https://www.mercadolivre.com.br/saida-de-maternidade-menina-lilas-tule-bordado-lilas-0-a-3-meses/p/MLB64224433
MLB4286391324,Sunga Boxer Masculina Poliamida Moda Praia Verão Voker,"Calçados, Roupas e Bolsas",16,58,78.9,26,4.8,5000,,True,RELÂMPAGO,8.352,0.08254414477729947,5.951625032263743,,Ofertas,https://produto.mercadolivre.com.br/MLB-4286391324-sunga-boxer-masculina-poliamida-moda-praia-vero-voker-_JM
MLB4210920195,Kit Com 3 Calças Cargo Moletom Menino Estilo Tendência,"Calçados, Roupas e Bolsas",16,101.33,129.9,22,4.6,5000,,False,,14.591520000000001,0.14421031362558198,5.941656793293447,,Ofertas,https://produto.mercadolivre.com.br/MLB-4210920195-kit-com-3-calcas-cargo-moletom-menino-estilo-tendncia-_JM
MLB5824584204,Kit 3 Camisetas Básicas Masculina Slim Algodão T01,"Calçados, Roupas e Bolsas",16,62,78.9,21,4.7,10000,,False,MAIS VENDIDO,8.928,0.08823684441711323,5.85186752174295,,Ofertas,https://produto.mercadolivre.com.br/MLB-5824584204-kit-3-camisetas-basicas-masculina-slim-algodo-t01-_JM
MLB5397056680,Caminhão De Engolir Dinossauro - A Diversão Está Garantida,Brinquedos e Hobbies,12,89.07,127.9,30,4.9,5000,,False,OFERTA IMPERDÍVEL,9.61956,0.09507164192216461,5.789841776390942,,Ofertas,https://produto.mercadolivre.com.br/MLB-5397056680-caminho-de-engolir-dinossauro-a-diverso-esta-garantida-_JM
MLB4153099051,Jaqueta Masculina Bomber Chimpa Com Zíper E Bolsos,"Calçados, Roupas e Bolsas",16,57,110,48,4.7,5000,,False,MAIS VENDIDO,8.208,0.08112096986734604,5.714831206144588,,Ofertas,https://produto.mercadolivre.com.br/MLB-4153099051-jaqueta-masculina-bomber-chimpa-com-ziper-e-bolsos-_JM
MLB6668630508,Banheira Dobrável Spa Adulto Ofurô Ou Gelo 254 L Premium Azul Estrelado Banheira Dobrável Spa,Bebês,12,100,182.86,45,4.8,1000,,False,OFERTA IMPERDÍVEL,10.8,0.10673811824650796,5.704704042807283,,Ofertas,https://www.mercadolivre.com.br/banheira-dobravel-spa-adulto-ofuro-ou-gelo-254-l-premium/up/MLBU3928071808
MLB4705243893,Compressor Calibrador De Pneus Calibrador B&G Portátil Mini Digital Carro Bike Sem Fio Cor Preto,Esportes e Fitness,16,58.45,157.98,63,4.8,10000,,False,OFERTA IMPERDÍVEL,8.4168,0.08318457348677852,5.68982482649565,,Ofertas,https://www.mercadolivre.com.br/compressor-calibrador-de-pneus-calibrador-bg-portatil-mini-digital-carro-bike-sem-fio-cor-preto/p/MLB21163160
MLB3396120483,Calça Mom Jeans Feminina Cintura Alta Marmorizada,"Calçados, Roupas e Bolsas",16,48.76,99.99,51,4.7,100000,,True,OFERTA IMPERDÍVEL,7.02144,0.0693940086093297,5.662551102521304,,Ofertas,https://produto.mercadolivre.com.br/MLB-3396120483-calca-mom-jeans-feminina-cintura-alta-marmorizada-_JM
MLB4048023292,Calça Jeans Plus Size Cintura Alta Elastano Lycra Modeladora,"Calçados, Roupas e Bolsas",16,48.35,99.9,52,4.7,100000,,True,OFERTA IMPERDÍVEL,6.962400000000001,0.06881050689624878,5.6149373627339,,Ofertas,https://produto.mercadolivre.com.br/MLB-4048023292-calca-jeans-plus-size-cintura-alta-elastano-lycra-modeladora-_JM
MLB4857636451,Kit 4 Blusas Feminina Suplex Estilosa T Shirt Básica Casual Preto + Branco + Marrom + Nude Liso G/gg (40-42),"Calçados, Roupas e Bolsas",16,61,119.9,49,4.8,5000,,False,RELÂMPAGO,8.784,0.08681366950715981,5.554543293118609,,Ofertas,https://www.mercadolivre.com.br/kit-4-blusas-feminina-suplex-estilosa-t-shirt-basica-casual/up/MLBU4248401786
MLB6216002052,Kit 3 Shorts 2 Em 1 Duplo Bolso Para Academia Treino Corrida,"Calçados, Roupas e Bolsas",16,67,102,34,4.6,50000,,False,OFERTA IMPERDÍVEL,9.648000000000001,0.09535271896688044,5.499944830009664,,Ofertas,https://produto.mercadolivre.com.br/MLB-6216002052-kit-3-shorts-2-em-1-duplo-bolso-para-academia-treino-corrida-_JM
MLB3616720913,Kit 15 Pares Meias Sport Algodão Cano Médio Sandrini Confort Sortidos 39-43,"Calçados, Roupas e Bolsas",16,48.49,109.99,56,4.6,100000,,True,OFERTA IMPERDÍVEL,6.98256,0.06900975138364228,5.437968409031011,,Ofertas,https://www.mercadolivre.com.br/kit-15-pares-meias-sport-algodao-cano-medio-sandrini-confort/up/MLBU1142202325
MLB4856848232,Calça Masculina Jeans Azul Claro Plus Size  Lycra Premium,"Calçados, Roupas e Bolsas",16,57,123.6,54,4.9,5000,,False,RELÂMPAGO,8.208,0.08112096986734604,5.4281747849185535,,Ofertas,https://produto.mercadolivre.com.br/MLB-4856848232-calca-masculina-jeans-azul-claro-plus-size-lycra-premium-_JM
MLB7401620278,"Mochila feminina com grande capacidade e compartimentos multicamadas, impermeável e reforçada, capaz de acomodar um laptop de 15,6 polegadas, ideal para deslocamentos diários, viagens curtas e estudos","Calçados, Roupas e Bolsas",16,75.24,198,62,4.8,500,,False,RELÂMPAGO,10.83456,0.10707968022489678,5.419707386995877,,Ofertas,https://www.mercadolivre.com.br/mochila-feminina-com-grande-capacidade-e-compartimentos-multicamadas-impermeavel-e-reforcada-capaz-de-acomodar-um-laptop-de-156-polegadas-ideal-para-deslocamentos-diarios-viagens-curtas-e-estudos/p/MLB76520185
MLB3817159431,Huggies Fralda Pants Roupinha Premium Natural Care XXG - 52 Unidades,Bebês,12,79.12,109.09,27,4.9,10000,,False,OFERTA IMPERDÍVEL,8.544960000000001,0.0844511991566371,5.391364554159713,,Ofertas,https://www.mercadolivre.com.br/huggies-fralda-pants-roupinha-premium-natural-care-xxg-52-unidades/p/MLB32083553
MLB4339787931,"Copo Térmico Gigante 1,2l Inox Com Tampa E Inox Canudo",Esportes e Fitness,16,46.54,99.98,53,4.9,50000,,False,MAIS VENDIDO,6.70176,0.06623456030923305,5.378246297109724,,Ofertas,https://produto.mercadolivre.com.br/MLB-4339787931-copo-termico-gigante-12l-inox-com-tampa-e-inox-canudo-_JM
MLB2977428979,Calça Jeans Feminina Preta Cintura Alta Levanta Bumbum,"Calçados, Roupas e Bolsas",16,46.29,89.9,49,4.7,100000,,True,OFERTA IMPERDÍVEL,6.66576,0.06587876658174471,5.354626147764209,,Ofertas,https://produto.mercadolivre.com.br/MLB-2977428979-calca-jeans-feminina-preta-cintura-alta-levanta-bumbum-_JM
MLB3406870465,Kit Berço Trança Safari Verde Claro + Ninho Redutor Moderno,Bebês,12,154.56,219,29,4.5,1000,,False,RELÂMPAGO,16.69248,0.123730826671352,5.274475076643336,,Ofertas,https://produto.mercadolivre.com.br/MLB-3406870465-kit-berco-tranca-safari-verde-claro-ninho-redutor-moderno-_JM
MLB4408174713,"Carretilha De Pesca,18+1 Rolamentos 7.2:1 Pescaria Black",Esportes e Fitness,16,49.99,99.99,50,4.6,5000,,True,RELÂMPAGO,7.1985600000000005,0.07114451374857243,5.268758932300557,,Ofertas,https://produto.mercadolivre.com.br/MLB-4408174713-carretilha-de-pesca181-rolamentos-721-pescaria-black-_JM
MLB4022380635,Camiseta Under Armour Sportstyle Left Chest,"Calçados, Roupas e Bolsas",16,75.9,129.9,42,4.8,500,,False,OFERTA IMPERDÍVEL,10.9296,0.10801897566546603,5.262626507050628,,Ofertas,https://produto.mercadolivre.com.br/MLB-4022380635-camiseta-under-armour-sportstyle-left-chest-_JM
MLB3152339437,Brinquedo Cubo Didático Educativo Grande De Montar Encaixe  Colorido,Brinquedos e Hobbies,12,98.49,141.21,30,5.0,500,,False,OFERTA IMPERDÍVEL,10.63692,0.10512637266098568,5.258611024379462,,Ofertas,https://www.mercadolivre.com.br/brinquedo-cubo-didatico-educativo-grande-de-montar-encaixe/up/MLBU1969683523
MLB6438363908,"Óculos de Sol Quadrado Clubmaster Soho Green Black, da Saint Germain, em Metal Preto","Calçados, Roupas e Bolsas",16,54.36,183.42,70,4.8,1000,,True,RELÂMPAGO,7.82784,0.07736378810506896,5.224169834957111,,Ofertas,https://www.mercadolivre.com.br/oculos-de-sol-quadrado-clubmaster-soho-green-black-da-saint-germain-em-metal-preto/p/MLB65993627
MLB4969967911,Kit 9 Pares Meias Kappa Sapatilha Soquete Invisível Original Branco 38-43,"Calçados, Roupas e Bolsas",16,56,129.99,57,4.7,1000,,True,RELÂMPAGO,8.064000000000002,0.07969779495739261,5.203236645511409,,Ofertas,https://www.mercadolivre.com.br/kit-9-pares-meias-kappa-sapatilha-soquete-invisivel-original/up/MLBU4518098674
MLB6689513566,Kit 6 Camisetas Masculina Academia Dry Fit Malha Fria Treino,"Calçados, Roupas e Bolsas",16,92.75,239.9,61,4.7,100,,False,RELÂMPAGO,13.356,0.13199947289818148,5.202983151359367,,Ofertas,https://produto.mercadolivre.com.br/MLB-6689513566-kit-6-camisetas-masculina-academia-dry-fit-malha-fria-treino-_JM
MLB5150671412,Guitarra E Microfone Infantil Instrumento Brinquedo Musical Cor Rosa Atentu,Brinquedos e Hobbies,12,75.05,197.79,62,4.8,5000,,False,RELÂMPAGO,8.1054,0.08010695774400421,5.149523396732072,,Ofertas,https://www.mercadolivre.com.br/guitarra-e-microfone-infantil-instrumento-brinquedo-musical-cor-rosa-atentu/p/MLB42455316
MLB4497897641,Kit 5 Camisetas Dry Fit Masculinas Academia Treino Básicas,"Calçados, Roupas e Bolsas",16,64,119.97,47,4.7,1000,,True,,9.216000000000001,0.09108319423702013,5.147852053766472,,Ofertas,https://produto.mercadolivre.com.br/MLB-4497897641-kit-5-camisetas-dry-fit-masculinas-academia-treino-basicas-_JM
MLB4369272007,Planetas Do Sistema Do Solar Montessori Sensorial  10 Peças Sistema Solar,Bebês,12,106.27,163.5,35,5.0,100,,True,,11.47716,0.113430598260564,5.125360840759276,,Ofertas,https://www.mercadolivre.com.br/planetas-do-sistema-do-solar-montessori-sensorial--10-pecas/up/MLBU3685930786
MLB6857491504,Colchão Chiqueirinho Bebê 100x70 Impermeável D18 Confortável,Bebês,12,141.41,164.99,14,5.0,50,,False,RELÂMPAGO,15.27228,0.15093837301238686,5.106818260014765,,Ofertas,https://www.mercadolivre.com.br/colchao-chiqueirinho-bebe-100x70-impermeavel-d18-confortavel/up/MLBU4029422692
MLB4231289143,Tênis Feminino Academia Treino O2x Original Ortopédico Cinza,"Calçados, Roupas e Bolsas",16,49.9,69.9,29,4.8,10000,,False,MAIS VENDIDO,7.1856,0.07101642800667662,5.090457559518579,,Ofertas,https://produto.mercadolivre.com.br/MLB-4231289143-tnis-feminino-academia-treino-o2x-original-ortopedico-cinza-_JM
MLB6249164480,Babuche Sandália Ortopédica Confortável Antiderrapante Leve Preto Capivara 35/36,"Calçados, Roupas e Bolsas",16,45.59,59.99,24,4.7,5000,,True,MAIS VENDIDO,6.56496,0.06488254414477729,5.078193937919547,,Ofertas,https://www.mercadolivre.com.br/babuche-sandalia-ortopedica-confortavel-antiderrapante-leve/up/MLBU3783906977
MLB4209814311,Kit 6 Cuecas Boxer Classic Reebok Microfibra Luxo Original,"Calçados, Roupas e Bolsas",16,58.44,76.9,24,4.6,5000,,False,MAIS VENDIDO,8.415360000000002,0.08317034173767901,5.040042632586161,,Ofertas,https://produto.mercadolivre.com.br/MLB-4209814311-kit-6-cuecas-boxer-classic-reebok-microfibra-luxo-original-_JM
MLB6766840938,Short Masculino Bermuda Secagem Dry Zip Bolsos Academia,"Calçados, Roupas e Bolsas",16,38.61,99,61,4.7,10000,,True,MAIS VENDIDO,5.55984,0.054948783273302285,5.0333085478344906,,Ofertas,https://produto.mercadolivre.com.br/MLB-6766840938-short-masculino-bermuda-secagem-dry-zip-bolsos-academia-_JM
MLB6233836050,Tênis Masculino W-box Premium Confortável 90 Casual,"Calçados, Roupas e Bolsas",16,78.11,149,48,4.4,1000,,False,RELÂMPAGO,11.24784,0.11116419221646315,5.030503217214524,,Ofertas,https://produto.mercadolivre.com.br/MLB-6233836050-tnis-masculino-w-box-premium-confortavel-90-casual-_JM
MLB6719992148,Banheira Dobrável 254l Spa Adulto Ofurô Ou Gelo Portátil Azul Estrela Do Céu,Bebês,12,82.65,170,51,4.9,1000,,False,OFERTA DO DIA,8.926200000000001,0.08821905473073882,5.025502662668738,,Ofertas,https://www.mercadolivre.com.br/banheira-dobravel-254l-spa-adulto-ofuro-ou-gelo-portatil/up/MLBU3937688585
MLB5811879470,Controle Sem Fio Joystick Genérico Bluetooth Compatível Para Ps4 Videogame Tv Samsung Pc P4 Ps 4 Manete Pc Gamer Tv Smart Controle Bluetooth Celular Headset Sem Fio Com P2 Marca Redfin,Games,12,51,114.9,56,4.7,250000,,True,MAIS VENDIDO,5.508,0.05443644030571906,4.986377932003866,,Ofertas,https://www.mercadolivre.com.br/controle-sem-fio-joystick-generico-bluetooth-compativel-para-ps4-videogame-tv-samsung-pc-p4-ps-4-manete-pc-gamer-tv-smart-controle-bluetooth-celular-headset-sem-fio-com-p2-marca-redfin/p/MLB39960346
MLB4212742961,Magnésio Inositol 210g Body Action - Relaxamento Zero Açúcar,Esportes e Fitness,16,49.07,69.9,30,4.9,10000,,True,,7.06608,0.06983519283141527,4.944331652464203,,Ofertas,https://produto.mercadolivre.com.br/MLB-4212742961-magnesio-inositol-210g-body-action-relaxamento-zero-acucar-_JM
MLB3956421035,Fone De Ouvido Bluetooth Sem Fio Newion  Microfone Celular,Games,12,107.76,129.95,17,4.7,100,,True,RELÂMPAGO,11.63808,0.11502099622243696,4.909717011163806,,Ofertas,https://produto.mercadolivre.com.br/MLB-3956421035-fone-de-ouvido-bluetooth-sem-fio-newion-microfone-celular-_JM
MLB3645524742,Short Benévola Poliamida Sem Costura Bermuda Confortável,"Calçados, Roupas e Bolsas",16,48.37,149.98,68,4.9,10000,,False,OFERTA DO DIA,6.96528,0.06883897039444785,4.901334692084688,,Ofertas,https://produto.mercadolivre.com.br/MLB-3645524742-short-benevola-poliamida-sem-costura-bermuda-confortavel-_JM
MLB6251226784,Caminhão Dinossauro Engolidor De Carrinhos Kit 6 Carrinhos Azul,Brinquedos e Hobbies,12,88.35,123.99,29,4.9,1000,,False,OFERTA IMPERDÍVEL,9.541799999999999,0.09430312747078974,4.865060423457614,,Ofertas,https://www.mercadolivre.com.br/caminhao-dinossauro-engolidor-de-carrinhos-kit-6-carrinhos/up/MLBU3785479535
MLB4774454406,Camisas Plus Size Térmica Segunda Pele Proteção Uv Premium,Esportes e Fitness,16,44.55,59.99,26,4.8,10000,,True,RELÂMPAGO,6.4152,0.06340244223842571,4.864235368532022,,Ofertas,https://produto.mercadolivre.com.br/MLB-4774454406-camisas-plus-size-termica-segunda-pele-proteco-uv-premium-_JM
MLB7233222134,Headset Gamer Mchose V9 Pro Sem Fio 53mm Mic White And Blue,Games,12,219.29,560.73,61,,100,,False,OFERTA DO DIA,23.683320000000002,0.17554951462707546,4.852145862351882,,Ofertas,https://www.mercadolivre.com.br/headset-gamer-mchose-v9-pro-sem-fio-53mm-mic/up/MLBU4413202808
MLB6138191904,Kit Bluey E Bingo Para Presente 28cm Antialérgico Bluey E Bingo,Bebês,12,106,128,17,4.7,100,,True,RELÂMPAGO,11.448,0.11314240534129844,4.829528611575386,,Ofertas,https://www.mercadolivre.com.br/kit-bluey-e-bingo-para-presente-28cm-antialergico/up/MLBU3706747793
MLB5361077404,Capacete Fechado Para Criança 4 5 6 7 8 9 Anos Etceter Kids,Brinquedos e Hobbies,12,92.84,124.73,26,4.8,1000,,False,OFERTA IMPERDÍVEL,10.02672,0.09909566898005798,4.814193592942265,,Ofertas,https://produto.mercadolivre.com.br/MLB-5361077404-capacete-fechado-para-crianca-4-5-6-7-8-9-anos-etceter-kids-_JM
MLB7006116874,Vestido Midi Três Marias Viscose Linho Com Bolsos Laterais,"Calçados, Roupas e Bolsas",16,69.66,209.99,67,4.7,500,,False,RELÂMPAGO,10.03104,0.09913836422735657,4.812361683844741,,Ofertas,https://produto.mercadolivre.com.br/MLB-7006116874-vestido-midi-trs-marias-viscose-linho-com-bolsos-laterais-_JM
MLB5893907304,Caminhão De Controle Remoto Preto Grande Brinquedo  Carreta Preto Caminhão De Carga,Brinquedos e Hobbies,12,91.68,210,56,4.7,100,,True,RELÂMPAGO,9.901440000000001,0.09785750680839848,4.798004916405489,,Ofertas,https://www.mercadolivre.com.br/caminhao-de-controle-remoto-preto-grande-brinquedo--carreta/up/MLBU3538748832
MLB3879571383,"Sapatênis , Leve De  Zíper Super Conforto Pratico","Calçados, Roupas e Bolsas",16,57,91.9,38,4.6,10000,,False,RELÂMPAGO,8.208,0.08112096986734604,4.782892383378722,,Ofertas,https://produto.mercadolivre.com.br/MLB-3879571383-sapatnis-leve-de-ziper-super-conforto-pratico-_JM
MLB4464042987,Basike Headphone Bluetooth Fone de Ouvido Sem Fio Com Rádio Fm E Função Caixa De Som E Microfone Fone Headset Over-ear 76h De Bateria Hi-fi Estéreo Para Música Gamer Academia Esportivo Marrom,Games,12,152.67,219.97,31,4.9,100,,False,OFERTA DO DIA,16.48836,0.12221781384520776,4.782173033267307,,Ofertas,https://www.mercadolivre.com.br/basike-headphone-bluetooth-fone-de-ouvido-sem-fio-com-radio-fm-e-funcao-caixa-de-som-e-microfone-fone-headset-over-ear-76h-de-bateria-hi-fi-estereo-para-musica-gamer-academia-esportivo-marrom/p/MLB79191124
MLB3147811411,Blusa Social Feminina Blazer Acinturado Alfaiataria Social,"Calçados, Roupas e Bolsas",16,62.77,77.9,19,4.6,10000,,False,RELÂMPAGO,9.03888,0.08933268909777739,4.723912599490468,,Ofertas,https://produto.mercadolivre.com.br/MLB-3147811411-blusa-social-feminina-blazer-acinturado-alfaiataria-social-_JM
MLB6067505516,Tenis Fila Speedrocker Skyfoam Feminino Creme/cinza Gelo Liso 37 Br,"Calçados, Roupas e Bolsas",16,622.99,799.99,22,,,,True,RELÂMPAGO,89.71056,0.4433118685759465,4.702652301853641,,Ofertas,https://www.mercadolivre.com.br/tenis-fila-speedrocker-skyfoam-feminino/up/MLBU3687616764
MLB5455269586,Kit 10 Pares Meias Zhamaro Algodão Sapatilha 100% Invisível,"Calçados, Roupas e Bolsas",16,59.97,199.99,70,4.8,1000,,False,OFERTA DO DIA,8.63568,0.08534779934990776,4.670738391015019,,Ofertas,https://produto.mercadolivre.com.br/MLB-5455269586-kit-10-pares-meias-zhamaro-algodo-sapatilha-100-invisivel-_JM
MLB6223284212,Calça De Trabalho Com Faixa Refletiva Cós Elástico Bolsos,"Calçados, Roupas e Bolsas",16,49.37,61.9,20,4.5,10000,,True,RELÂMPAGO,7.10928,0.0702621453044013,4.665406448212247,,Ofertas,https://produto.mercadolivre.com.br/MLB-6223284212-calca-de-trabalho-com-faixa-refletiva-cos-elastico-bolsos-_JM
MLB4034845688,Bloco Montar 1000 Peças Educativo Brinquedo Encaixe Perfeito 1000,Brinquedos e Hobbies,12,96.24,149.84,36,4.7,500,,False,RELÂMPAGO,10.393919999999998,0.10272476500043921,4.64591408240187,,Ofertas,https://www.mercadolivre.com.br/bloco-montar-1000-pecas-educativo-brinquedo-encaixe-perfeito/up/MLBU1742797247
MLB2070063236,Calça Jeans Masculina Original Elastano Lycra,"Calçados, Roupas e Bolsas",16,46.54,78,40,4.6,250000,,False,MAIS VENDIDO,6.70176,0.06623456030923305,4.609925397522621,,Ofertas,https://produto.mercadolivre.com.br/MLB-2070063236-calca-jeans-masculina-original-elastano-lycra-_JM
MLB5372949502,Camiseta Basica  Masculina Algodão Gola Redonda Kit Com 5,"Calçados, Roupas e Bolsas",16,74,78.99,6,4.8,1000,,False,RELÂMPAGO,10.656,0.10531494333655451,4.577062823710893,,Ofertas,https://produto.mercadolivre.com.br/MLB-5372949502-camiseta-basica-masculina-algodo-gola-redonda-kit-com-5-_JM
MLB5755097480,Kit 4 Camiseta Dry Fit Feminina Academia Fitness Tapa Bumbum,"Calçados, Roupas e Bolsas",16,58,69.5,17,4.7,10000,,False,RELÂMPAGO,8.352,0.08254414477729947,4.5432297285425625,,Ofertas,https://produto.mercadolivre.com.br/MLB-5755097480-kit-4-camiseta-dry-fit-feminina-academia-fitness-tapa-bumbum-_JM
MLB5476877604,Calça Alfaiataria Plus Size Feminina Social Premium Cos Alto,"Calçados, Roupas e Bolsas",16,44.65,78.6,43,4.4,10000,,True,RELÂMPAGO,6.429600000000001,0.06354475972942109,4.509136150399721,,Ofertas,https://produto.mercadolivre.com.br/MLB-5476877604-calca-alfaiataria-plus-size-feminina-social-premium-cos-alto-_JM
MLB4378462435,Piscina Infantil 1000 Litros Semi Rígida Colorida,Brinquedos e Hobbies,12,111.58,179,38,4.7,100,,False,RELÂMPAGO,12.05064,0.11909839233945355,4.419667213945232,,Ofertas,https://www.mercadolivre.com.br/piscina-infantil-1000-litros-semi-rigida/up/MLBU3686703769
MLB4698467927,Lanterna Tática Militar T9 Mais Forte Do Mundo Potente Led Recarregável,Esportes e Fitness,16,47.35,79.97,41,4.8,10000,,False,OFERTA DO DIA,6.8184000000000005,0.06738733198629535,4.415217991742071,,Ofertas,https://www.mercadolivre.com.br/lanterna-tatica-militar-t9-mais-forte-do-mundo-potente-led-recarregavel/p/MLB70041714
MLB4212353409,Mochila Grande Alça Reforçada Resistente Faculdade Trabalho,"Calçados, Roupas e Bolsas",16,45.99,78.9,42,4.5,100000,,False,MAIS VENDIDO,6.622560000000001,0.0654518141087587,4.414070343494687,,Ofertas,https://produto.mercadolivre.com.br/MLB-4212353409-mochila-grande-alca-reforcada-resistente-faculdade-trabalho-_JM
MLB4128526531,Calça Flare Jeans Marmorizada Cintura Alta Com Elastano Fler,"Calçados, Roupas e Bolsas",16,54.96,89.9,39,4.6,5000,,False,RELÂMPAGO,7.9142399999999995,0.07821769305104101,4.3576655284591075,,Ofertas,https://produto.mercadolivre.com.br/MLB-4128526531-calca-flare-jeans-marmorizada-cintura-alta-com-elastano-fler-_JM
MLB1589108291,Bolsa Mochila Maternidade Lequeen Original + Kit Ganchos,Bebês,12,196.91,512.3,62,,100,,False,RELÂMPAGO,21.266280000000002,0.1576335214793991,4.356952171807693,,Ofertas,https://produto.mercadolivre.com.br/MLB-1589108291-bolsa-mochila-maternidade-lequeen-original-kit-ganchos-_JM
MLB3958038835,2 Balanço Para Criança Ou Adulto Em Madeira Maciça Montado Natural,Brinquedos e Hobbies,12,77.74,157.07,51,4.9,100,,True,RELÂMPAGO,8.39592,0.08297821312483529,4.347673743706643,,Ofertas,https://www.mercadolivre.com.br/2-balanco-para-crianca-ou-adulto-em-madeira-macica-montado/up/MLBU2972937191
MLB7023811646,800mlgarrafa Térmica Água Squeeze Inox Academiaquente E Frio Preto,Esportes e Fitness,16,37.9,59.9,37,4.8,250000,,True,RELÂMPAGO,5.4576,0.05393832908723535,4.328011525959765,,Ofertas,https://www.mercadolivre.com.br/800mlgarrafa-termica-agua-squeeze-inox-academiaquente-e-frio/up/MLBU2978929588
MLB2173115987,Vestido Longo Plus Size Feminino Casual Elegante Evangélico,"Calçados, Roupas e Bolsas",16,50.49,78.9,36,4.8,5000,,False,RELÂMPAGO,7.270560000000001,0.07185610120354916,4.316593088262165,,Ofertas,https://produto.mercadolivre.com.br/MLB-2173115987-vestido-longo-plus-size-feminino-casual-elegante-evangelico-_JM
MLB4530343781,Maleta 48 Carrinhos + Tapete Pista 40x60 Estacionamento Brinquedo Infantil Presente Criança - Super Brasileirinho,Brinquedos e Hobbies,12,63,179.9,65,4.6,1000,,True,RELÂMPAGO,6.803999999999999,0.0672450144953,4.239585741034801,,Ofertas,https://www.mercadolivre.com.br/maleta-48-carrinhos-tapete-pista-40x60-estacionamento-brinquedo-infantil-presente-crianca-super-brasileirinho/p/MLB77186530
MLB4215677121,Pelúcia Capivara Formatura 20cm Presente Formando Marrom Urso Presente,Bebês,12,64,78.9,19,4.9,1000,,True,RELÂMPAGO,6.912,0.06831239567776509,4.223803865179851,,Ofertas,https://www.mercadolivre.com.br/pelucia-capivara-formatura-20cm-presente-formando-marrom-urso-presente/p/MLB57300665
MLB5580606974,Kit 2 Calça Pantalona Feminina Alfaiataria Elegante C/ Cinto,"Calçados, Roupas e Bolsas",16,58.86,127.97,54,4.5,10000,,False,,8.47584,0.08376807519985943,4.188403759992972,,Ofertas,https://produto.mercadolivre.com.br/MLB-5580606974-kit-2-calca-pantalona-feminina-alfaiataria-elegante-c-cinto-_JM
MLB5057437645,Pista de Brinquedo BSTLIDEA com 48 Carrinhos Miniatura de Metal para Crianças,Brinquedos e Hobbies,12,69.68,157.96,56,4.5,500,,True,RELÂMPAGO,7.5254400000000015,0.07437512079416674,4.182673342258912,,Ofertas,https://www.mercadolivre.com.br/pista-de-brinquedo-bstlidea-com-48-carrinhos-miniatura-de-metal-para-criancas/p/MLB77228698
MLB4271455439,Fichário Álbum Para Cartas Pokémon 400 Cartas Fichário Álbum,Brinquedos e Hobbies,12,62.36,79.89,22,4.9,1000,,True,RELÂMPAGO,6.7348799999999995,0.06656189053852234,4.166693970527592,,Ofertas,https://produto.mercadolivre.com.br/MLB-4271455439-fichario-album-para-cartas-pokemon-400-cartas-fichario-album-_JM
MLB5363530684,Macacão Bebê Tricô De Luxo Nika Baby Rosê P Veste De 0 A 3 Meses,Bebês,12,62.86,78.9,20,4.9,1000,,True,RELÂMPAGO,6.78888,0.06709558112975489,4.165745691580118,,Ofertas,https://www.mercadolivre.com.br/macacao-bebe-trico-de-luxo-nika-baby/up/MLBU3139224653
MLB5322983464,Caderneta Vacina Livro Álbum Do Bebê Personalizado + Brinde,Bebês,12,92.15,149.9,39,5.0,100,,False,RELÂMPAGO,9.952200000000001,0.09835917596415708,4.165404292361761,,Ofertas,https://produto.mercadolivre.com.br/MLB-5322983464-caderneta-vacina-livro-album-do-beb-personalizado-brinde-_JM
MLB5057955665,Kit 100 Blocos Magnéticos De Montar Construção Brinquedo Educativo Imã Empilhamento Cubo Infantil Cashpay,Brinquedos e Hobbies,12,56.03,109.87,49,4.9,1000,,True,RELÂMPAGO,6.05124,0.0598053676535184,4.157163357186615,,Ofertas,https://www.mercadolivre.com.br/kit-100-blocos-magneticos-de-montar-construcao-brinquedo-educativo-ima-empilhamento-cubo-infantil-cashpay/p/MLB75483498
MLB4208164459,Turbante Touca Cuidado Pessoal Beleza Moda Elegante,"Calçados, Roupas e Bolsas",16,78.98,88.4,11,5.0,100,,False,RELÂMPAGO,11.373120000000002,0.11240235438812267,4.1549721589292625,,Ofertas,https://produto.mercadolivre.com.br/MLB-4208164459-turbante-touca-cuidado-pessoal-beleza-moda-elegante-_JM
MLB3495440101,Kit 3 Macacão De Bebê Minimalista Com Ziper - Baby Greg,Bebês,12,67.9,99.99,32,4.6,10000,,False,RELÂMPAGO,7.3332000000000015,0.07247518228937891,4.133984397786173,,Ofertas,https://produto.mercadolivre.com.br/MLB-3495440101-kit-3-macaco-de-beb-minimalista-com-ziper-baby-greg-_JM
MLB7027256504,Caneca Kit Garrafa Térmica Vacuum Bottle Inox 500ml + 3 Xíca Azul,Esportes e Fitness,16,34.9,50.7,31,4.6,10000,,True,MAIS VENDIDO,5.0256,0.04966880435737503,4.108603496442062,,Ofertas,https://www.mercadolivre.com.br/caneca-kit-garrafa-termica-vacuum-bottle-inox-500ml--3-xica/up/MLBU2603947004
MLB6765078072,Bermuda Masculina Short Compressão Corrida Térmica Com Bolso,"Calçados, Roupas e Bolsas",16,39,99,61,4.7,1000,,True,MAIS VENDIDO,5.6160000000000005,0.05550382148818413,4.067761421661625,,Ofertas,https://produto.mercadolivre.com.br/MLB-6765078072-bermuda-masculina-short-compresso-corrida-termica-com-bolso-_JM
MLB5383523854,Vestido Longo Feminino Moda Evangélica Festa Igreja,"Calçados, Roupas e Bolsas",16,49.99,95.9,48,4.7,1000,,True,,7.1985600000000005,0.07114451374857243,4.039170037104084,,Ofertas,https://produto.mercadolivre.com.br/MLB-5383523854-vestido-longo-feminino-moda-evangelica-festa-igreja-_JM
MLB5127159545,Kit 4 Blusa Nula Manga Feminina Elegante Franzido Assimétric Preto Branco Marrom Nude G,"Calçados, Roupas e Bolsas",16,57.99,99.99,42,4.8,500,,False,RELÂMPAGO,8.35056,0.08252991302819994,4.020813058548959,,Ofertas,https://www.mercadolivre.com.br/kit-4-blusa-nula-manga-feminina-elegante-franzido-assimetric/up/MLBU4907585671
MLB3800842215,Camiseta Dry-fit  Preta Caveira Unisex Dark Lab,"Calçados, Roupas e Bolsas",16,29.9,69.31,57,4.8,50000,,True,MAIS VENDIDO,4.3056,0.04255292980760784,4.016996573838179,,Ofertas,https://produto.mercadolivre.com.br/MLB-3800842215-camiseta-dry-fit-preta-caveira-unisex-dark-lab-_JM
MLB4202976145,Tabuleiro Montessori 125 Peças Educativo Madeira Infantil Montessori 3x1,Bebês,12,110.47,129.77,15,5.0,50,,False,RELÂMPAGO,11.93076,0.11791359922691733,4.009897368466965,,Ofertas,https://www.mercadolivre.com.br/tabuleiro-montessori-125-pecas-educativo-madeira-infantil/up/MLBU3414459145
MLB5159817994,Shorts Esportivo Masculino Slim Fit Com Elastano Poliamida,"Calçados, Roupas e Bolsas",16,37.9,59.9,37,4.8,50000,,False,MAIS VENDIDO,5.4576,0.05393832908723535,4.004381551436352,,Ofertas,https://produto.mercadolivre.com.br/MLB-5159817994-shorts-esportivo-masculino-slim-fit-com-elastano-poliamida-_JM
MLB7680683190,Carrinho Controle Remoto 4x4 Recarregável Off Road Brinquedo,Brinquedos e Hobbies,12,125.13,300,58,,25,,True,RELÂMPAGO,13.51404,0.1335614073618554,3.999585764794793,,Ofertas,https://www.mercadolivre.com.br/carrinho-controle-remoto-4x4-recarregavel-off-road-brinquedo/p/MLB79624184
MLB4510266595,Swaddle Cueiro Casulo Charutinho Com Zíper Rn 100% Algodão Azul-claro 0-2 Meses,Bebês,12,75.83,129.97,42,4.8,100,,True,RELÂMPAGO,8.18964,0.08093951506632698,3.980178981513725,,Ofertas,https://www.mercadolivre.com.br/swaddle-cueiro-casulo-charutinho-com-ziper-rn-100-algodao/up/MLBU3822797033
MLB4552284155,Tênis Under Armour Masculino 6014741 Negro/negro/dourdo Liso 38,"Calçados, Roupas e Bolsas",16,350.99,449.99,22,,,,True,RELÂMPAGO,50.54256,0.3746401212334182,3.974182406044101,,Ofertas,https://www.mercadolivre.com.br/tenis-under-armour-masculino-6014741/up/MLBU3853769153
MLB3401043657,Camisetas Raglan Proteção Uv Térmica Camisas Dry Fit Voker,"Calçados, Roupas e Bolsas",16,36.96,52.9,30,4.7,250000,,True,RELÂMPAGO,5.32224,0.05260054467187911,3.955560959325309,,Ofertas,https://produto.mercadolivre.com.br/MLB-3401043657-camisetas-raglan-proteco-uv-termica-camisas-dry-fit-voker-_JM
MLB3900108006,Camiseta Raglan Térmica Proteção Solar Uv50+ Academia Treino,"Calçados, Roupas e Bolsas",16,36.96,52.9,30,4.7,10000,,True,RELÂMPAGO,5.32224,0.05260054467187911,3.955560959325309,,Ofertas,https://produto.mercadolivre.com.br/MLB-3900108006-camiseta-raglan-termica-proteco-solar-uv50-academia-treino-_JM
MLB4196255429,Fone Com Microfone Usb Ph-380 C3tech Controle Redução Ruído Preto,Games,12,119.9,138.73,14,4.6,100,,False,RELÂMPAGO,12.949200000000001,0.12797900377756302,3.9433300188931724,,Ofertas,https://www.mercadolivre.com.br/fone-com-microfone-usb-ph380-c3tech-controle-reducao-ruido/up/MLBU3405530569
MLB5780115058,Conjunto Feminino Blusa E Saia Midi Algodão Penteado Premium,"Calçados, Roupas e Bolsas",16,57.61,97,41,4.6,1000,,False,RELÂMPAGO,8.29584,0.08198910656241763,3.930656318238555,,Ofertas,https://produto.mercadolivre.com.br/MLB-5780115058-conjunto-feminino-blusa-e-saia-midi-algodo-penteado-premium-_JM
MLB4022582509,Kit 6 Calcinha Algodão Premium Era Power Up Cueca Femina,"Calçados, Roupas e Bolsas",16,60.58,79,23,4.7,1000,,False,RELÂMPAGO,8.72352,0.08621593604497936,3.92911411241908,,Ofertas,https://produto.mercadolivre.com.br/MLB-4022582509-kit-6-calcinha-algodo-premium-era-power-up-cueca-femina-_JM
MLB3781902941,Top Lupo Loba Fitness Confortável Ótima Sustentação Academia,"Calçados, Roupas e Bolsas",16,44.9,149.98,70,4.9,100000,,False,,6.4656,0.06390055345690943,3.9107138715628578,,Ofertas,https://produto.mercadolivre.com.br/MLB-3781902941-top-lupo-loba-fitness-confortavel-otima-sustentaco-academia-_JM
MLB3951346287,Réplica Trator Case Magnum Tanque 380 Afs Brinquedo Usual Vermelho,Brinquedos e Hobbies,12,78.99,139.9,44,4.6,100,,True,RELÂMPAGO,8.53092,0.08431243960291662,3.8947663914269324,,Ofertas,https://www.mercadolivre.com.br/replica-trator-case-magnum-tanque-380-afs-brinquedo-usual/up/MLBU2960183438
MLB7006107748,Conjunto Feminino Linho Calça Pantalona E Blusa Regata,"Calçados, Roupas e Bolsas",16,56.99,189.99,70,4.5,1000,,False,RELÂMPAGO,8.206560000000001,0.08110673811824651,3.8935459089770905,,Ofertas,https://produto.mercadolivre.com.br/MLB-7006107748-conjunto-feminino-linho-calca-pantalona-e-blusa-regata-_JM
MLB2644715597,Camiseta Dry Fit Slim Academia Proteção Uv Voker Original,"Calçados, Roupas e Bolsas",16,35.05,49.9,30,4.8,10000,,True,RELÂMPAGO,5.0472,0.049882280593868046,3.8908178863217073,,Ofertas,https://produto.mercadolivre.com.br/MLB-2644715597-camiseta-dry-fit-slim-academia-proteco-uv-voker-original-_JM
MLB4678849053,Bicicleta Spinning Ergométrica 10kg 130kg Silenciosa Preto 1.5v,Esportes e Fitness,16,875,1599,45,,,,False,RELÂMPAGO,126.0,0.4358473161732407,3.870324167618378,,Ofertas,https://www.mercadolivre.com.br/bicicleta-spinning-ergometrica-10kg-130kg-silenciosa/up/MLBU3973371550
MLB4087280984,Regata Dry Fit Lisa Camiseta Masculina Academia Treino Voker,"Calçados, Roupas e Bolsas",16,35.05,54.9,36,4.7,50000,,True,RELÂMPAGO,5.0472,0.049882280593868046,3.846921479399104,,Ofertas,https://produto.mercadolivre.com.br/MLB-4087280984-regata-dry-fit-lisa-camiseta-masculina-academia-treino-voker-_JM
MLB3954027253,VITAMINA B12 Metilcobalamina - Fórmula com Máxima Pureza e Concentração - 30 Doses,Esportes e Fitness,16,41.16,71.77,43,4.9,5000,,False,RELÂMPAGO,5.92704,0.05857787929368356,3.7963967497521676,,Ofertas,https://www.mercadolivre.com.br/vitamina-b12-metilcobalamina-formula-com-maxima-pureza-e-concentracao-30-doses/p/MLB53926315
MLB4671649569,Câmera Baba Eletrônica Wi-fi Sem Fio Visão Noturna Áudio 360 127/220v Branco,Bebês,12,74.21,110,33,4.8,100,,True,RELÂMPAGO,8.01468,0.07921035755073355,3.758075462429502,,Ofertas,https://www.mercadolivre.com.br/camera-baba-eletronica-wifi-sem-fio-visao-noturna-audio-360/up/MLBU3965242296
MLB2897257729,Blusas Camisa Feminina Proteção Uv Academia Treino Caminhada,"Calçados, Roupas e Bolsas",16,35.05,49.9,30,4.7,50000,,True,RELÂMPAGO,5.0472,0.049882280593868046,3.7511475006588766,,Ofertas,https://produto.mercadolivre.com.br/MLB-2897257729-blusas-camisa-feminina-proteco-uv-academia-treino-caminhada-_JM
MLB2785323303,Camisas Térmica Feminina Voker Proteção Uv Dry Fit Academia,"Calçados, Roupas e Bolsas",16,34.99,49.9,30,4.7,50000,,True,RELÂMPAGO,5.03856,0.04979689009927084,3.744726135465167,,Ofertas,https://produto.mercadolivre.com.br/MLB-2785323303-camisas-termica-feminina-voker-proteco-uv-dry-fit-academia-_JM
MLB3651762641,Short Masculino Plus Size Bermuda Academia Treino Praia,"Calçados, Roupas e Bolsas",16,36.95,49.99,26,4.6,10000,,True,RELÂMPAGO,5.320800000000001,0.052586312922779585,3.7399385750680842,,Ofertas,https://produto.mercadolivre.com.br/MLB-3651762641-short-masculino-plus-size-bermuda-academia-treino-praia-_JM
MLB7175463676,Moto Em Blocos De Montar 1:8 Com 519-812 Peças 812 Mg03,Brinquedos e Hobbies,12,177.12,222.21,20,5.0,25,,False,,19.12896,0.14179091627866114,3.7255435677149316,,Ofertas,https://www.mercadolivre.com.br/moto-em-blocos-de-montar-18-com-519812-pecas/up/MLBU4312533505
MLB2896970086,Camisas Térmica Feminina Voker Proteção Uv Bike Academia,Esportes e Fitness,16,35.05,54.9,36,4.6,50000,,True,RELÂMPAGO,5.0472,0.049882280593868046,3.7072510937362733,,Ofertas,https://produto.mercadolivre.com.br/MLB-2896970086-camisas-termica-feminina-voker-proteco-uv-bike-academia-_JM
MLB6768738826,"Dragão Banguela Gigante 1,10m Pelúcia Antialérgica Macia Preto",Brinquedos e Hobbies,12,101.47,168.9,40,5.0,25,,False,RELÂMPAGO,10.95876,0.10830716858473162,3.703674385452537,,Ofertas,https://www.mercadolivre.com.br/dragao-banguela-gigante-110m-pelucia-antialergica-macia/up/MLBU3959572949
MLB4182420507,Calça Legging Leg Flare Zero Transparência Grossa Academia,"Calçados, Roupas e Bolsas",16,35.9,59.9,40,4.7,100000,,False,MAIS VENDIDO,5.1696,0.05109197926732847,3.699059298954581,,Ofertas,https://produto.mercadolivre.com.br/MLB-4182420507-calca-legging-leg-flare-zero-transparncia-grossa-academia-_JM
MLB7405861016,Tênis Reserva Go Yankee Kick Couro Social Sofisticado Cinza 42 Br,"Calçados, Roupas e Bolsas",16,597.99,999.99,40,,,,False,RELÂMPAGO,86.11055999999999,0.4255221822015286,3.642469879645085,,Ofertas,https://www.mercadolivre.com.br/tenis-reserva-go-yankee-kick-couro-social-sofisticado/up/MLBU4692970675
MLB3443538971,Avião Blocos De Montar Blackbird 43cm  183 Peças  183,Brinquedos e Hobbies,12,97.46,177.2,45,5.0,25,,False,RELÂMPAGO,10.52568,0.10402697004304663,3.637699774597204,,Ofertas,https://www.mercadolivre.com.br/aviao-blocos-de-montar-blackbird-43cm--183-pecas/up/MLBU1446005455
MLB5821020276,Arma Gun Pistola Suporte Controle Compativel Vr Meta Quest 3 Quest 3,Games,12,137.6,160,14,4.4,50,,False,RELÂMPAGO,14.860799999999998,0.14687165070719493,3.6330701914806642,,Ofertas,https://www.mercadolivre.com.br/arma-gun-pistola-suporte-controle-compativel-vr-meta-quest-3/up/MLBU3502235580
MLB4696721553,Kit 8 Peças Menino Body Manga Longa + Calça Algodao Sortido,Bebês,12,93,139.99,34,4.7,100,,False,RELÂMPAGO,10.044,0.0992664499692524,3.6073697265706497,,Ofertas,https://produto.mercadolivre.com.br/MLB-4696721553-kit-8-pecas-menino-body-manga-longa-calca-algodao-sortido-_JM
MLB3444017730,Bermuda Praia Masculino Short Verão Academia Treino Corrida,"Calçados, Roupas e Bolsas",16,34.1,44.9,24,4.7,10000,,True,RELÂMPAGO,4.9104,0.04853026442941227,3.556297777387332,,Ofertas,https://produto.mercadolivre.com.br/MLB-3444017730-bermuda-praia-masculino-short-vero-academia-treino-corrida-_JM
MLB5090905881,"Esteira Elétrica Dobrável 14km Com Inclinaçã,controle Remoto Preto 220v",Esportes e Fitness,16,883.32,1299,32,,,,False,RELÂMPAGO,127.19808,0.43999160151102507,3.5410524089607303,,Ofertas,https://www.mercadolivre.com.br/esteira-eletrica-dobravel-14km-com-inclinacacontrole-remoto/up/MLBU4840977890
MLB4325438103,Relogio Digital Aranha Led Infantil + Oculos Sol + Caixa Ver Vermelho,Brinquedos e Hobbies,12,72.59,118.99,39,4.6,100,,True,RELÂMPAGO,7.839720000000001,0.07748120003514013,3.5047119717970845,,Ofertas,https://www.mercadolivre.com.br/relogio-digital-aranha-led-infantil--oculos-sol--caixa-ver/up/MLBU3621701813
MLB5953571456,Analógicos Magnéticos Hall Effect Para Ps4 kit Com 4 Unidades E Capas,Games,12,64.37,158,59,4.8,100,,True,OFERTA DO DIA,6.951960000000001,0.06870732671527717,3.4843508663426235,,Ofertas,https://www.mercadolivre.com.br/analogicos-magneticos-hall-effect-para-ps4-kit-com-4-unidades-e-capas/p/MLB62323628
MLB4039189617,Sapatênis Casual Flexível Antiderrapante Tenis Dia A Dia,"Calçados, Roupas e Bolsas",16,60.75,99.9,39,4.4,500,,False,RELÂMPAGO,8.748000000000001,0.08645787577967144,3.434232866413594,,Ofertas,https://produto.mercadolivre.com.br/MLB-4039189617-sapatnis-casual-flexivel-antiderrapante-tenis-dia-a-dia-_JM
MLB7045072794,Tapete De Atividades Musical Bebê Piano Interativo Ginásio,Bebês,12,96,154.9,38,4.7,50,,False,RELÂMPAGO,10.368,0.10246859351664762,3.426950093051447,,Ofertas,https://www.mercadolivre.com.br/tapete-de-atividades-musical-bebe-piano-interativo-ginasio/up/MLBU4174195098
MLB4203416023,Alinhavos Formas Geométricas 24 Peças Em Madeira Educativos Variadas,Bebês,12,55,119.8,54,4.6,500,,True,RELÂMPAGO,5.9399999999999995,0.058705965035579365,3.4231120961519816,,Ofertas,https://www.mercadolivre.com.br/alinhavos-formas-geometricas-24-pecas-em-madeira-educativos/up/MLBU3422104062
MLB3966563925,Bolsa Térmica Marmita Lancheira Alça Transversal Ajustável Removível 2 Compartimentos Organiza Conserva Seus Alimentos Quente ou Frio Cor Preto Tche Amo,Esportes e Fitness,16,31.91,52.9,40,4.8,50000,,False,MAIS VENDIDO,4.59504,0.045413511376614236,3.4150960555213903,,Ofertas,https://www.mercadolivre.com.br/bolsa-termica-marmita-lancheira-alca-transversal-ajustavel-removivel-2-compartimentos-organiza-conserva-seus-alimentos-quente-ou-frio-cor-preto-tche-amo/p/MLB28726333
MLB5255027539,Fone De Ouvido Sem Fio Bluetooth Compativel Com Jbl 760 Rosa,Games,12,75.99,119.99,37,5.0,100,,False,RELÂMPAGO,8.206919999999998,0.08111029605552139,3.403741740353822,,Ofertas,https://www.mercadolivre.com.br/fone-de-ouvido-sem-fio-bluetooth-compativel-com-jbl-760/up/MLBU5202559299
MLB5244822989,Vestido Gestante Midi Feminino Roupa De Grávida 0 A 9 Meses Marrom 42-44,Bebês,12,62.59,192,67,4.8,100,,True,RELÂMPAGO,6.759720000000001,0.06680738821048933,3.387999389845966,,Ofertas,https://www.mercadolivre.com.br/vestido-gestante-midi-feminino-roupa-de-gravida-0-a-9-meses/up/MLBU5184402597
MLB6868647960,Lanterna Tática Militar Recarregável Led Cree Mais Forte Do Mundo Ultra Potente 1000m Zoom Alto Brilho Sitio Fazenda Apegashop,Esportes e Fitness,16,28.99,36.98,22,4.6,10000,,True,MAIS VENDIDO,4.17456,0.041257840639550195,3.2940259966616874,,Ofertas,https://www.mercadolivre.com.br/lanterna-tatica-militar-recarregavel-led-cree-mais-forte-do-mundo-ultra-potente-1000m-zoom-alto-brilho-sitio-fazenda-apegashop/p/MLB68403419
MLB6624610102,Macaquinho Feminino Camponesa Com Bojo Moda Verão Short Saia,"Calçados, Roupas e Bolsas",16,57.36,79.99,28,5.0,100,,False,RELÂMPAGO,8.25984,0.08163331283492928,3.2844242462871818,,Ofertas,https://produto.mercadolivre.com.br/MLB-6624610102-macaquinho-feminino-camponesa-com-bojo-moda-vero-short-saia-_JM
MLB7039777242,Kit 3 Camisetas Manga Curta Blusas Femininas Baby Look Comfy Preto+marrom+nude G,"Calçados, Roupas e Bolsas",16,45,79,43,4.7,1000,,False,RELÂMPAGO,6.48,0.06404287094790477,3.2465573187329593,,Ofertas,https://www.mercadolivre.com.br/kit-3-camisetas-manga-curta-blusas-femininas-baby-look-comfy/up/MLBU4151207529
MLB5709766906,Tênis Molekinho Babuche Bebê Menino Confortável Leve 19 A 26,Bebês,12,78.92,105.57,25,4.9,100,,False,RELÂMPAGO,8.52336,0.08423772292014406,3.1988956998997975,,Ofertas,https://produto.mercadolivre.com.br/MLB-5709766906-tnis-molekinho-babuche-beb-menino-confortavel-leve-19-a-26-_JM
MLB3662586345,Kit Bebê Garrafa Térmica Dosador De Leite Passeio Menina Rosa,Bebês,12,72.99,139.98,48,4.8,100,,False,RELÂMPAGO,7.8829199999999995,0.07790815250812615,3.171996403567244,,Ofertas,https://www.mercadolivre.com.br/kit-bebe-garrafa-termica-dosador-de-leite-passeio-menina/up/MLBU769541994
MLB6838495872,50 Kit Brincadeira Nazaré Tedesco Chá De Bebê Chá Revelação,Bebês,12,89,99.99,11,5.0,50,,False,RELÂMPAGO,9.612,0.09499692523939206,3.164722195036351,,Ofertas,https://www.mercadolivre.com.br/50-kit-brincadeira-nazare-tedesco-cha-de-bebe-cha-revelacao/up/MLBU4011106762
MLB2178625164,Camisa Térmica Voker Segunda Pele Proteção Solar Uv Dry Fit,Esportes e Fitness,16,36.96,54.9,33,4.7,250000,,False,RELÂMPAGO,5.32224,0.05260054467187911,3.164448767460247,,Ofertas,https://produto.mercadolivre.com.br/MLB-2178625164-camisa-termica-voker-segunda-pele-proteco-solar-uv-dry-fit-_JM
MLB7070654930,Bicicleta Equilibrio 4 Rodas Sem Pedal Primeira Motoca 2 Ano Vermelho,Bebês,12,71.85,149.9,52,4.5,50,,True,OFERTA IMPERDÍVEL,7.7598,0.07669133796011597,3.1562371272730347,,Ofertas,https://www.mercadolivre.com.br/bicicleta-equilibrio-4-rodas-sem-pedal-primeira-motoca-2-ano-vermelho/p/MLB74714128
MLB5269476178,Mordedor Chocalho Bebê Bola Sensorial Massageador Maxi Baby,Brinquedos e Hobbies,12,37.82,59.9,37,4.9,5000,,True,RELÂMPAGO,4.084560000000001,0.04036835632082931,3.150424690116991,,Ofertas,https://www.mercadolivre.com.br/mordedor-chocalho-bebe-bola-sensorial-massageador-maxi-baby/p/MLB44022617
MLB4864768191,Óculos De Sol Justin Rb4165 Marrom Proteção Uv400 Unissex Justin Marrom Marrom Desagrade,"Calçados, Roupas e Bolsas",16,320,745,57,,,,False,RELÂMPAGO,46.080000000000005,0.3415619783888255,3.142370201177195,,Ofertas,https://www.mercadolivre.com.br/oculos-de-sol-justin-rb4165-marrom-protecao-uv400-unissex/up/MLBU4261998798
MLB6003039860,Chinelo Kappa Beach Adulto Unissex Em Borracha,"Calçados, Roupas e Bolsas",16,29.99,59.9,50,4.7,10000,,True,,4.31856,0.04268101554950365,3.0559607133444606,,Ofertas,https://produto.mercadolivre.com.br/MLB-6003039860-chinelo-kappa-beach-adulto-unissex-em-borracha-_JM
MLB4300879549,Brinquedo Blocos De Encaixe De Madeira Montessori 31,Brinquedos e Hobbies,12,49.95,99.9,50,4.9,500,,True,,5.3946000000000005,0.05331569006413072,3.0456851588499085,,Ofertas,https://www.mercadolivre.com.br/brinquedo-blocos-de-encaixe-de-madeira-montessori/up/MLBU3559464006
MLB6755985730,Kit 2 Macacão Bebê Com Zíper Sem Pé Liso E Estampado Azul Nuvem G,Bebês,12,56.33,74.9,25,4.9,1000,,False,RELÂMPAGO,6.083640000000001,0.060125582008257926,3.040279319733582,,Ofertas,https://www.mercadolivre.com.br/kit-2-macacao-bebe-com-ziper-sem-pe-liso-e-estampado/up/MLBU3952978857
MLB7124357788,Óculos De Sol Quadrado Rb4187 Cris Marrom Degradê 54mm Cris Marrom Degradê Marrom Degrede Marrom,"Calçados, Roupas e Bolsas",16,306.38,749.99,59,,,,False,RELÂMPAGO,44.11872,0.3270242466836511,3.0086230694895906,,Ofertas,https://www.mercadolivre.com.br/oculos-de-sol-quadrado-rb4187-cris-marrom-degrade-54mm/up/MLBU4262747378
MLB5950779496,Maiô C/chapéu Infantil/bebe Biquíni Proteção Solar Uv50praia,Bebês,12,56.42,78.9,28,5.0,100,,True,RELÂMPAGO,6.09336,0.06022164631467978,3.0019105730801807,,Ofertas,https://produto.mercadolivre.com.br/MLB-5950779496-mai-cchapeu-infantilbebe-biquini-proteco-solar-uv50praia-_JM
MLB4100164333,Kit 12 Pote Papinha Bebê 300ml Colorido Bpa Free Freezer Vários,Bebês,12,59,78.9,25,4.9,100,,True,RELÂMPAGO,6.372,0.06297548976543968,2.9969059812395695,,Ofertas,https://www.mercadolivre.com.br/kit-12-pote-papinha-bebe-300ml-colorido-bpa-free-freezer/up/MLBU3250984592
MLB5613320318,Kit Brinquedo Pedagógico Educativo Didático Infantil Montar Colorido,Bebês,12,69.82,78.98,12,4.6,100,,True,RELÂMPAGO,7.540559999999999,0.07452455415971185,2.9840820353236133,,Ofertas,https://www.mercadolivre.com.br/kit-brinquedo-pedagogico-educativo-didatico-infantil-montar/up/MLBU3371920265
MLB7693517342,Bola De Vôlei De Praia Mikasa Beach Classic Bvc Fivb Oficial Amerelo/branco/azul,Esportes e Fitness,16,257.39,329.99,22,,,,True,RELÂMPAGO,37.06416,0.2747332425546868,2.9143702370201177,,Ofertas,https://www.mercadolivre.com.br/bola-de-volei-de-praia-mikasa-beach-classic-bvc-fivb-oficial/up/MLBU5253509189
MLB4024851715,Shorts Academia Feminino Modelador Com Bolso Zero Opacidade,"Calçados, Roupas e Bolsas",16,25.69,41.9,39,4.4,100000,,True,MAIS VENDIDO,3.6993600000000004,0.03656136343670386,2.913209438636564,,Ofertas,https://produto.mercadolivre.com.br/MLB-4024851715-shorts-academia-feminino-modelador-com-bolso-zero-opacidade-_JM
MLB3452100715,Roupa Boneca Kit 42 Acessórios Sapatos Vestido + Surpresa,Brinquedos e Hobbies,12,42.26,57.9,27,4.5,5000,,True,RELÂMPAGO,4.564080000000001,0.04510752877097427,2.909825898585816,,Ofertas,https://www.mercadolivre.com.br/roupa-boneca-kit-42-acessorios-sapatos-vestido--surpresa/up/MLBU1751957824
MLB4970654657,Body Flamengo + Mijão Vira Pé + Chupeta + Chocalho Mengão Vermelho M 3-6 M,Bebês,12,93.38,99.3,6,5.0,25,,False,RELÂMPAGO,10.08504,0.0996720548185891,2.8846129853977582,,Ofertas,https://www.mercadolivre.com.br/body-flamengo--mijao-vira-pe--chupeta--chocalho-mengao/up/MLBU4520477944
MLB6482718624,Kit 10 Peças Roupa Menino Bebê Conjunto Estampas Divertidas,Bebês,12,70.2,105.57,34,4.8,100,,False,RELÂMPAGO,7.581600000000002,0.07493015900904858,2.8490463055549924,,Ofertas,https://produto.mercadolivre.com.br/MLB-6482718624-kit-10-pecas-roupa-menino-beb-conjunto-estampas-divertidas-_JM
MLB4783689673,Pacote Figurinha Legend Garantida Extra Sticker Lacrado 2026 Extra Sticker Copa Do Mundo,Brinquedos e Hobbies,12,52.62,139.9,62,4.8,500,,False,RELÂMPAGO,5.68296,0.05616559782131247,2.84275321674365,,Ofertas,https://www.mercadolivre.com.br/pacote-figurinha-legend-garantida-extra-sticker-lacrado-2026/up/MLBU4113698406
MLB5999568272,Bolsa De Cosméticos Lavável 32 Em 1 Para Crianças,Brinquedos e Hobbies,12,105.45,239,56,,50,,False,OFERTA IMPERDÍVEL,11.388600000000002,0.11255534569094262,2.8037137738093447,,Ofertas,https://www.mercadolivre.com.br/bolsa-de-cosmeticos-lavavel-32-em-1-para-criancas/up/MLBU3654047652
MLB4790702877,Kit Introdução Alimentar Bebê Silicone Babador Prato Colher Verde-claro,Bebês,12,38.22,69.99,45,4.9,1000,,True,RELÂMPAGO,4.12776,0.04079530879381534,2.7939659127212093,,Ofertas,https://www.mercadolivre.com.br/kit-introducao-alimentar-bebe-silicone-babador-prato-colher/up/MLBU4112253639
MLB7640044448,Piscina Inflável Retangular 4000 L Portátil 4 M 3 Camadas Azul-celeste,Brinquedos e Hobbies,12,555.55,1276,56,,,,False,RELÂMPAGO,59.9994,0.2964918079592374,2.7277246332249847,,Ofertas,https://www.mercadolivre.com.br/piscina-inflavel-retangular-4000-l-portatil-4-m-3-camadas/up/MLBU5164908989
MLB3507702015,Brinquedo Diversão Cognitiva Didático Com Estímulo Sensorial,Brinquedos e Hobbies,12,59.59,148.98,60,4.9,100,,False,RELÂMPAGO,6.435720000000001,0.0636052446630941,2.7211300874103537,,Ofertas,https://produto.mercadolivre.com.br/MLB-3507702015-brinquedo-diverso-cognitiva-didatico-com-estimulo-sensorial-_JM
MLB5150010689,Carro Elétrico Infantil Controle Remoto Bateria 6v Marcha Frente/Ré Bluetooth Som Luz Urban Maxi Toys - PRETO,Brinquedos e Hobbies,12,641.16,899.9,29,,,,False,RELÂMPAGO,69.24528000000001,0.3421810594746552,2.688174403232892,,Ofertas,https://www.mercadolivre.com.br/carro-eletrico-infantil-controle-remoto-bateria-6v-marcha-frentere-bluetooth-som-luz-urban-maxi-toys-preto/p/MLB78624333
MLB7285798576,Brinquedo Squishy Bloco De Queijo Anti Estresse Sensórias Amarelo,Brinquedos e Hobbies,12,47.99,72.9,34,4.5,500,,True,RELÂMPAGO,5.18292,0.05122362294649917,2.6866226571662133,,Ofertas,https://www.mercadolivre.com.br/brinquedo-squishy-bloco-de-queijo-anti-estresse-sensorias/up/MLBU4506460576
MLB7190286838,Babador De Silicone Adulto Idoso Reutilizável Impermeável Azul,Bebês,12,48,99.9,52,4.9,100,,True,RELÂMPAGO,5.184,0.05123429675832381,2.684439666811407,,Ofertas,https://www.mercadolivre.com.br/babador-de-silicone-adulto-idoso-reutilizavel-impermeavel-azul/p/MLB75497578
MLB4993037361,Tênis Reebok Nanoflex Tr 3 Azul 42 Br,"Calçados, Roupas e Bolsas",16,513.42,649.9,21,,,,False,RELÂMPAGO,73.93248,0.3653432311341474,2.683080689449179,,Ofertas,https://www.mercadolivre.com.br/tenis-reebok-nanoflex-tr-3/up/MLBU4565503365
MLB4131272045,Ninho Redutor De Berço Bebê Com Travesseirinho Zíper E Laço,Bebês,12,41.82,52.99,21,4.8,1000,,True,RELÂMPAGO,4.516560000000001,0.04463788105068963,2.6828492091367475,,Ofertas,https://produto.mercadolivre.com.br/MLB-4131272045-ninho-redutor-de-berco-beb-com-travesseirinho-ziper-e-laco-_JM
MLB5096693995,Kit 5 Camiseta Masculina Leves Defeitos Algodão Variadas M Estampa Localizada,"Calçados, Roupas e Bolsas",16,51.95,77.99,33,4.3,500,,False,RELÂMPAGO,7.480800000000001,0.0739339365720812,2.6785386154203588,,Ofertas,https://www.mercadolivre.com.br/kit-5-camiseta-masculina-leves-defeitos-algodao/up/MLBU4866634248
MLB7232210430,Kit Baba Eletrônica Monitor Wifi App Celular Tf Alarme Choro 127/220v Azul-celeste,Bebês,12,365.23,699,48,,,,False,RELÂMPAGO,39.444840000000006,0.29237972195379075,2.65246883756479,,Ofertas,https://www.mercadolivre.com.br/kit-baba-eletronica-monitor-wifi-app-celular-tf-alarme-choro/up/MLBU4411899790
MLB5532041138,Kit Marmita Lancheira Infantil Talheres Bloquinho Divertido Azul,Bebês,12,69.55,78.97,12,4.9,100,,False,RELÂMPAGO,7.511399999999998,0.07423636124044625,2.6335369031752514,,Ofertas,https://www.mercadolivre.com.br/kit-marmita-lancheira-infantil-talheres-bloquinho-divertido/up/MLBU3331220323
MLB4220840007,Boneco Pelúcia Sonic 50cm Grande Envio Imediato Infantil Top Azul,Brinquedos e Hobbies,12,39.59,59.99,34,4.9,5000,,False,RELÂMPAGO,4.275720000000001,0.04225762101379251,2.6243138560178667,,Ofertas,https://www.mercadolivre.com.br/boneco-pelucia-sonic-50cm-grande-envio-imediato-infantil-top/up/MLBU3439376489
MLB7693345888,Kit 6 Carrinhos Fricção Patrulha Canina Brinquedo Infantil Coleção Personagens Completo Marshall Chase Rocky Skye Rubble Zuma,Brinquedos e Hobbies,12,39,64.75,40,4.7,10000,,False,RELÂMPAGO,4.212,0.0416278661161381,2.5975788456470177,,Ofertas,https://www.mercadolivre.com.br/kit-6-carrinhos-friccao-patrulha-canina-brinquedo-infantil-colecao-personagens-completo-marshall-chase-rocky-skye-rubble-zuma/p/MLB79794052
MLB4537891392,Kit 6 Pares Meia 3d Bebê Infantil Chocalho Sapatinho Inverno,Bebês,12,41.85,47.9,13,4.8,1000,,True,RELÂMPAGO,4.5198,0.04466990248616357,2.59327989007996,,Ofertas,https://produto.mercadolivre.com.br/MLB-4537891392-kit-6-pares-meia-3d-beb-infantil-chocalho-sapatinho-inverno-_JM
MLB6153894070,Relógio Infantil Barbie Rosa Digital Led Kit Presente Menina Rosa,Brinquedos e Hobbies,12,75.04,118.99,37,4.3,25,,True,RELÂMPAGO,8.10432,0.08009628393217956,2.562565819540313,,Ofertas,https://www.mercadolivre.com.br/relogio-infantil-barbie-rosa-digital-led-kit-presente-menina/up/MLBU3722554012
MLB6865305394,Kit 8 Peças Menina Body Manga Longa + Calça Algodao Sortido,Bebês,12,88.73,139.9,37,4.5,25,,False,RELÂMPAGO,9.582840000000001,0.09470873232012651,2.554334510919986,,Ofertas,https://produto.mercadolivre.com.br/MLB-6865305394-kit-8-pecas-menina-body-manga-longa-calca-algodao-sortido-_JM
MLB7500534746,Bicicleta De Equilíbrio Infantil De Quatro Rodas Sem Pedais Cor Rosa,Bebês,12,70.02,89.99,22,4.7,100,,False,RELÂMPAGO,7.56216,0.07473803039620487,2.5435558400775116,,Ofertas,https://www.mercadolivre.com.br/bicicleta-de-equilibrio-infantil-de-quatro-rodas-sem-pedais-cor-rosa/p/MLB78191663
MLB5504587464,Suporte Trava De Cadeirinh Isofix Universal P/carro,Bebês,12,45.21,54,16,4.7,500,,True,RELÂMPAGO,4.882680000000001,0.04825630325924624,2.5252767090808583,,Ofertas,https://www.mercadolivre.com.br/suporte-trava-de-cadeirinh-isofix-universal-pcarro/p/MLB52688571
MLB3338901712,Fraldas Pom Pom Protek XGG x 30 unidades,Bebês,12,36.87,50.29,27,4.9,10000,,False,OFERTA DO DIA,3.9819599999999995,0.03935434419748748,2.5123813335676006,,Ofertas,https://www.mercadolivre.com.br/fraldas-pom-pom-protek-xgg-x-30-unidades/p/MLB18715391
MLB6244198996,100 Cartas Pokémon Com 20 Brilhantes E 1 Ultra Rara Copag Pokémon Português,Brinquedos e Hobbies,12,61.8,78.9,22,4.9,100,,False,RELÂMPAGO,6.6743999999999994,0.06596415707634191,2.4669138561957036,,Ofertas,https://www.mercadolivre.com.br/100-cartas-pokemon-com-20-brilhantes-e-1-ultra-rara-copag/up/MLBU3780740213
MLB6296761404,Pelucia Angel Lilo Stitch Antialergico Presente Filme Urso Little One,Bebês,12,54.38,60.55,10,4.7,1000,,False,RELÂMPAGO,5.8730400000000005,0.05804418870245103,2.45205259712081,,Ofertas,https://www.mercadolivre.com.br/pelucia-angel-lilo-stitch-antialergico-presente-filme-urso-little-one/p/MLB67314837
MLB7525735080,Fone De Ouvido Sem Fio Bluetooth Cancelamento Ruido Premium Preto,Games,12,81.92,199.99,59,4.2,50,,False,RELÂMPAGO,8.84736,0.08743986646753932,2.4432556103827934,,Ofertas,https://www.mercadolivre.com.br/fone-de-ouvido-sem-fio-bluetooth-cancelamento-ruido-premium/up/MLBU4944871115
MLB5302440108,Prachenta Magnética  Infantil Magpad P 380 Esferas 10 Cartõe Preto,Brinquedos e Hobbies,12,45.13,75.99,41,4.9,100,,True,RELÂMPAGO,4.874040000000001,0.04817091276464904,2.4405733050460925,,Ofertas,https://www.mercadolivre.com.br/prachenta-magnetica--infantil-magpad-p-380-esferas-10-cartoe/up/MLBU3045074824
MLB6411294014,Tela Segurança Retrátil Pet Bebês Portão Grade Cercadinho 78*150 Cm,Bebês,12,62.1,156.99,60,4.0,1000,,False,OFERTA IMPERDÍVEL,6.706800000000001,0.06628437143108144,2.4395295761501923,,Ofertas,https://www.mercadolivre.com.br/tela-seguranca-retratil-pet-bebes-portao-grade-cercadinho/up/MLBU3830104282
MLB6970923124,Chinelo Havaianas Top Max Comfort Masculino Anatômico Cinca Gelo Max Comfort Cinza 41/42 Br,"Calçados, Roupas e Bolsas",16,32,74.99,57,4.9,500,,False,RELÂMPAGO,4.6080000000000005,0.045541597118510066,2.3993904322020243,,Ofertas,https://www.mercadolivre.com.br/chinelo-havaianas-top-max-comfort-masculino-anatomico/up/MLBU4117822612
MLB4908987353,Quadriciclo Infantil Elétrico Acelerador Luz Som 4 Rodas Azul,Brinquedos e Hobbies,12,570.4,799,29,,,,False,RELÂMPAGO,61.603199999999994,0.30441711323904064,2.391500841605904,,Ofertas,https://www.mercadolivre.com.br/quadriciclo-infantil-eletrico-acelerador-luz-som-4-rodas/up/MLBU4335446725
MLB4884119355,Ruido Bebe Luz 7cor Aparelho Barulho Dormir Ambiente 10 Sons Branco 5v,Bebês,12,65.62,78,16,4.2,100,,True,OFERTA DO DIA,7.08696,0.07004155319335853,2.3870876917763897,,Ofertas,https://www.mercadolivre.com.br/ruido-bebe-luz-7cor-aparelho-barulho-dormir-ambiente-10-sons/up/MLBU4284519611
MLB7577225138,Kit 8 Peças Menino Body Manga Curta + Shorts Algodao Sortido Sortido G ( 6 A 9 Meses),Bebês,12,79.13,119.9,34,4.4,50,,False,RELÂMPAGO,8.54604,0.08446187296846175,2.381998045146776,,Ofertas,https://www.mercadolivre.com.br/kit-8-pecas-menino-body-manga-curta--shorts-algodao-sortido/up/MLBU5063713377
MLB7320883480,Kit 2 Sabonetes Liquidos Higienizador Mãos Limpinhas Bioclub,Bebês,12,61.97,65.9,6,5.0,100,,False,RELÂMPAGO,6.69276,0.06614561187736097,2.3814925437323176,,Ofertas,https://www.mercadolivre.com.br/kit-2-sabonetes-liquidos-higienizador-maos-limpinhas-bioclub/p/MLB2064968751
MLB4531835213,Fone De Ouvido Bluetooth Para iPhone AirPods Android + Alça,Games,12,56.7,99.6,43,5.0,50,,False,RELÂMPAGO,6.1236000000000015,0.06052051304577001,2.3517694710382573,,Ofertas,https://www.mercadolivre.com.br/fone-de-ouvido-bluetooth-para-iphone-airpods-android--alca/up/MLBU3839267939
MLB6048089998,Pé Nivelador Alumínio Mesa Sinuca Bilhar Jg 4 Und. Reforçado,Brinquedos e Hobbies,12,58.88,67.95,13,5.0,100,,False,RELÂMPAGO,6.359040000000001,0.06284740402354388,2.347333151588338,,Ofertas,https://www.mercadolivre.com.br/pe-nivelador-aluminio-mesa-sinuca-bilhar-jg-4-und-reforcado/up/MLBU3679084932
MLB4667708203,Expositor 80 Vagas 1:64 Led Tampa Acrílico Miniatura Coleção Tematico,Brinquedos e Hobbies,12,395,499,21,,,,False,RELÂMPAGO,42.66,0.31621167530527977,2.322258543441975,,Ofertas,https://www.mercadolivre.com.br/expositor-80-vagas-164-led-tampa-acrilico-miniatura-colecao/up/MLBU3949910489
MLB6513515184,Totoca Quadriciclo Carrinho De Passeio Infantil Andador Totoka Menino,Bebês,12,73.94,78.9,6,4.6,100,,False,RELÂMPAGO,7.98552,0.07892216463146798,2.310375928881834,,Ofertas,https://www.mercadolivre.com.br/totoca-quadriciclo-carrinho-de-passeio-infantil-andador-totoka-menino/p/MLB67146827
MLB4887233739,Kit De Ferramentas Infantil Maleta Furadeira Giratória,Brinquedos e Hobbies,12,62.84,78,19,4.4,50,,True,RELÂMPAGO,6.786720000000001,0.0670742335061056,2.2984333061212245,,Ofertas,https://www.mercadolivre.com.br/kit-de-ferramentas-infantil-maleta-furadeira-giratoria/p/MLB2056133445
MLB4903288129,30 Sacos De Armazenar Leite Materno Congelador Freezer 250ml,Bebês,12,27.5,78,65,4.9,1000,,True,MAIS VENDIDO,2.9699999999999998,0.029352982517789682,2.282735614734112,,Ofertas,https://www.mercadolivre.com.br/30-sacos-de-armazenar-leite-materno-congelador-freezer-250ml/up/MLBU4323261565
MLB6794042220,Rash Guard Camisa Compressão Apertada Manga Curta Treino,"Calçados, Roupas e Bolsas",16,26.6,38,30,4.7,1000,,True,OFERTA DO DIA,3.8304000000000005,0.03785645260476149,2.2776913355106316,,Ofertas,https://produto.mercadolivre.com.br/MLB-6794042220-rash-guard-camisa-compresso-apertada-manga-curta-treino-_JM
MLB6169396072,Parque Aquático Inflável Infantil Escorregador 290x172cm 290x172x52cm,Brinquedos e Hobbies,12,360.05,499,28,,,,False,OFERTA IMPERDÍVEL,38.885400000000004,0.28823294605991395,2.24591111569885,,Ofertas,https://www.mercadolivre.com.br/parque-aquatico-inflavel-infantil-escorregador-290x172cm/up/MLBU3734760192
MLB4866432635,Kit 12 Fraldinhas De Boca Toalha Para Bebê Com Detalhe Picô Azul-claro,Bebês,12,58.21,61.9,6,5.0,100,,False,RELÂMPAGO,6.28668,0.062132258631292264,2.236996626926871,,Ofertas,https://www.mercadolivre.com.br/kit-12-fraldinhas-de-boca-toalha-para-bebe-com-detalhe-pico/up/MLBU4265073098
MLB6326061786,Kit Introdução Alimentar Refeição Bebê Infantil 5 Peças Leão,Bebês,12,45.6,60,24,4.8,100,,True,RELÂMPAGO,4.9248,0.04867258192040761,2.2250064375970315,,Ofertas,https://www.mercadolivre.com.br/kit-introducao-alimentar-refeicao-bebe-infantil-5-pecas/up/MLBU3812631203
MLB3304230795,Kit 2 Pares Tênis Sandália Bebê Menino Sandalinha Leve,Bebês,12,47.4,49.9,5,4.8,1000,,False,OFERTA IMPERDÍVEL,5.1192,0.050593868048844776,2.18589228562418,,Ofertas,https://produto.mercadolivre.com.br/MLB-3304230795-kit-2-pares-tnis-sandalia-beb-menino-sandalinha-leve-_JM
MLB4736384513,Carro Miniatura Fusca 1980 1:36 Preto Car Toys Colecionável Amarelo,Brinquedos e Hobbies,12,38.99,89.9,57,4.9,100,,True,RELÂMPAGO,4.21092,0.04161719230431344,2.180547971020349,,Ofertas,https://www.mercadolivre.com.br/carro-miniatura-fusca-1980-136-preto-car-toys-colecionavel/up/MLBU4053973180
MLB3419004044,Kit 2 Pares Tênis Sandalia Bebê Menina Bebezinho Baby,Bebês,12,46.43,49.9,7,4.8,1000,,False,RELÂMPAGO,5.0144400000000005,0.04955850830185364,2.1665366005658835,,Ofertas,https://produto.mercadolivre.com.br/MLB-3419004044-kit-2-pares-tnis-sandalia-beb-menina-bebezinho-baby-_JM
MLB2845451064,Macacão Bebê Menino Toque Macio Azul-marinho P-0 A 3 Meses,Bebês,12,45.51,59.9,24,4.8,500,,False,RELÂMPAGO,4.91508,0.04857651761398576,2.1595783932331036,,Ofertas,https://www.mercadolivre.com.br/macacao-bebe-menino-toque-macio/up/MLBU1434575089
MLB5242007395,Cadeira Bebê Balanço Elétrica Musical Bluetooth Berço Rosa,Bebês,12,437.27,999,56,,,,False,RELÂMPAGO,47.22516,0.23336688482825263,2.146975340419924,,Ofertas,https://www.mercadolivre.com.br/cadeira-bebe-balanco-eletrica-musical-bluetooth-berco/up/MLBU5179766943
MLB4110022459,Par De Analógicos Para Joy-con De Nintendo Switch,Games,12,34.65,49.9,31,4.8,500,,True,RELÂMPAGO,3.7421999999999995,0.036984757972414996,2.143424210704221,,Ofertas,https://www.mercadolivre.com.br/par-de-analogicos-para-joycon-de-nintendo-switch/up/MLBU3267860224
MLB6056503346,4 Adesivo Gel Compressa Alivio Xo Febre Vacina Atoxico Buba 4,Bebês,12,28.49,49.99,43,5.0,1000,,True,RELÂMPAGO,3.0769200000000003,0.030409689888430114,2.13523519692214,,Ofertas,https://www.mercadolivre.com.br/4-adesivo-gel-compressa-alivio-xo-febre-vacina-atoxico-buba/up/MLBU3683172602
MLB7439202042,Refrigerador Para Leite Materno | Mais De 24h De Frio Gradiente Verde-amarelo Amarelo,Bebês,12,284.52,599,53,,,,False,RELÂMPAGO,30.728159999999995,0.22776847052622323,2.0954699288412537,,Ofertas,https://www.mercadolivre.com.br/refrigerador-para-leite-materno--mais-de-24h-de-frio/up/MLBU4788020496
MLB4940415059,Kit 3 Macacão Bebê Ziper Algodão Enxoval Macio Inverno Menino Estampado M (2-4 Meses),Bebês,12,51.2,77,34,4.8,100,,False,RELÂMPAGO,5.529600000000001,0.05464991654221208,2.0779369066156073,,Ofertas,https://www.mercadolivre.com.br/kit-3-macacao-bebe-ziper-algodao-enxoval-macio-inverno/up/MLBU4432672244
MLB6080366950,3 Sola Triangle 12mm Profissional Taco Sinuca Couro Original Marrom,Brinquedos e Hobbies,12,71.42,79.95,11,4.6,50,,False,RELÂMPAGO,7.71336,0.07623236405165595,2.0772546400200618,,Ofertas,https://www.mercadolivre.com.br/3-sola-triangle-12mm-profissional-taco-sinuca-couro-original/up/MLBU3692760132
MLB3845612610,Brinquedo Boneca Princesa Sofia Com Saia Giratoria Musical,Brinquedos e Hobbies,12,54,77.7,31,4.7,100,,False,RELÂMPAGO,5.832000000000001,0.05763858385311429,2.061354129468943,,Ofertas,https://produto.mercadolivre.com.br/MLB-3845612610-brinquedo-boneca-princesa-sofia-com-saia-giratoria-musical-_JM
MLB3563316854,Kit 2 Pares Tênis Sandália Bebê Menino Macio Confortável,Bebês,12,44.33,49.9,11,4.9,500,,False,RELÂMPAGO,4.787640000000001,0.04731700781867697,2.0559663030780686,,Ofertas,https://produto.mercadolivre.com.br/MLB-3563316854-kit-2-pares-tnis-sandalia-beb-menino-macio-confortavel-_JM
MLB4211159855,Boneco Pelúcia Bob Esponja Grande 50cm Imperdível Promoção Amarelo,Bebês,12,42.9,58.99,27,4.7,100,,True,RELÂMPAGO,4.6331999999999995,0.045790652727751915,2.042636935461818,,Ofertas,https://www.mercadolivre.com.br/boneco-pelucia-bob-esponja-grande-50cm-imperdivel-promocao/up/MLBU3425470383
MLB2105963727,Boneca De Pano Grande Menina Vestido Pelúcia Cores Variadas,Brinquedos e Hobbies,12,61.59,65.5,6,4.7,100,,False,RELÂMPAGO,6.651720000000001,0.06574000702802425,2.035082331170126,,Ofertas,https://produto.mercadolivre.com.br/MLB-2105963727-boneca-de-pano-grande-menina-vestido-pelucia-cores-variadas-_JM
MLB5192106441,Kit 4 Regata Top Halter Blusinha Halter Neck Moda Gringa Preto+branco+marrom+nude Unico,"Calçados, Roupas e Bolsas",16,44.99,99.99,55,4.7,25,,False,RELÂMPAGO,6.478560000000001,0.06402863919880525,2.0287122380960403,,Ofertas,https://www.mercadolivre.com.br/kit-4-regata-top-halter-blusinha-halter-neck-moda-gringa/up/MLBU5121660124
MLB6712683176,"Controle Com Fio P2 - Cabo 1,5m Para Ps2 Jogos Alta Precisão Preto",Games,12,33.49,51.05,34,4.7,500,,True,RELÂMPAGO,3.61692,0.0357465958007555,2.022997010424073,,Ofertas,https://www.mercadolivre.com.br/controle-com-fio-p2--cabo-15m-para-ps2-jogos-alta-precisao/up/MLBU3933862577
MLB2006123002,Capa Para Cadeirinha De Carro Preta - 02 Peças,Bebês,12,38.36,48,20,4.3,1000,,True,RELÂMPAGO,4.14288,0.04094474215936044,1.9917683806273818,,Ofertas,https://produto.mercadolivre.com.br/MLB-2006123002-capa-para-cadeirinha-de-carro-preta-02-pecas-_JM
MLB1833364147,Tela Proteção Berço Protetor Berço Respiravel - Tel001 Branco,Bebês,12,47.93,89.9,47,4.7,100,,False,RELÂMPAGO,5.17644,0.05115958007555127,1.987031271598983,,Ofertas,https://www.mercadolivre.com.br/tela-protecao-berco-protetor-berco-respiravel--tel001/up/MLBU736484264
MLB6626625788,Jogo Q.i Brinquedo Educativo 3d Raciocínio  120 Desafio,Brinquedos e Hobbies,12,26.68,53.9,51,4.9,1000,,True,RELÂMPAGO,2.8814399999999996,0.02847772994816831,1.9868220264633187,,Ofertas,https://www.mercadolivre.com.br/jogo-qi-brinquedo-educativo-3d-raciocinio-120-desafio/p/MLB2108256793
MLB4883837045,Conjunto Bebê Cruzeiro Body Shorts Time Futebol 100%algodão,Bebês,12,62.53,69.99,11,5.0,25,,False,RELÂMPAGO,6.753240000000001,0.06674334533954143,1.9832005554382774,,Ofertas,https://produto.mercadolivre.com.br/MLB-4883837045-conjunto-beb-cruzeiro-body-shorts-time-futebol-100algodo-_JM
MLB4640705659,Kit C/ 5 Bonecas Baratas Brinquedo Atacado Com Acessórios,Brinquedos e Hobbies,12,74.95,78.9,5,4.5,50,,False,OFERTA IMPERDÍVEL,8.094600000000002,0.08000021962575772,1.9754486237086764,,Ofertas,https://www.mercadolivre.com.br/kit-c-5-bonecas-baratas-brinquedo-atacado-com-acessorios/up/MLBU3934436886
MLB4585577853,Chinelo Havaianas Clog Baby Kids Princesa Bela Ariel Babuche Ciber Pink 25/26 Princesas Bela Ariel,Bebês,12,35,59.99,42,5.0,500,,False,RELÂMPAGO,3.7800000000000002,0.037358341386277784,1.9748845143558877,,Ofertas,https://www.mercadolivre.com.br/chinelo-havaianas-clog-baby-kids-princesa-bela-ariel-babuche/up/MLBU3877657055
MLB6917533584,Base Estrela Henvifer Para Cadeira Giratória Escritório Home Office Presidente Diretor Gamer Secretária Recepção Rodinhas Pistão A Gás Peça De Reposição Estrutura Reforçada Para Cadeira De Escritório,Games,12,74.24,78.98,6,4.5,50,,False,OFERTA IMPERDÍVEL,8.01792,0.0792423789862075,1.970466709807751,,Ofertas,https://www.mercadolivre.com.br/base-estrela-henvifer-para-cadeira-giratoria-escritorio-home-office-presidente-diretor-gamer-secretaria-recepcao-rodinhas-pistao-a-gas-peca-de-reposicao-estrutura-reforcada-para-cadeira-de-escritorio/p/MLB61084414
MLB7170377438,Conjunto Moletom Bebê Menino Flanelado Ursinho Inverno,Bebês,12,56.17,74.9,25,4.8,50,,False,OFERTA IMPERDÍVEL,6.0663599999999995,0.0599548010190635,1.960968520329478,,Ofertas,https://produto.mercadolivre.com.br/MLB-7170377438-conjunto-moletom-beb-menino-flanelado-ursinho-inverno-_JM
MLB4363678011,2 Analógico Tmr Melhor Q Hall Effect Para Ps5 Ps4 Xbox One S,Games,12,45.99,78.99,42,4.8,100,,False,RELÂMPAGO,4.96692,0.049088860581569,1.9419996935720254,,Ofertas,https://www.mercadolivre.com.br/2-analogico-tmr-melhor-q-hall-effect-para-ps5-ps4-xbox-one-s/up/MLBU3672670387
MLB4128993845,Kit 50 Protetor De Quina Canto Silicone Transparente Segurança Bebê Criança Idoso Proteção Mesa Móveis Vidro Evita Acidentes Impactos Com Adesivo Prático,Bebês,12,37.45,49.87,25,4.4,500,,True,RELÂMPAGO,4.044600000000001,0.03997342528331724,1.9285532371154002,,Ofertas,https://www.mercadolivre.com.br/kit-50-protetor-de-quina-canto-silicone-transparente-seguranca-bebe-crianca-idoso-protecao-mesa-moveis-vidro-evita-acidentes-impactos-com-adesivo-pratico/p/MLB52820944
MLB5152640763,Itens P/ Mini Brands Realistas Ovo - Gelo - Miniatura Ovo Branco,Brinquedos e Hobbies,12,38,78.9,52,4.6,100,,True,RELÂMPAGO,4.104,0.04056048493367302,1.9204620934394299,,Ofertas,https://www.mercadolivre.com.br/itens-p-mini-brands-realistas-ovo--gelo--miniatura/up/MLBU5010373090
MLB5233206333,Mala De Viagem Vermelha 10kg Bordo Bagagem De Mão Roda 360 Vermelho,"Calçados, Roupas e Bolsas",16,246.99,309.99,20,,,,False,RELÂMPAGO,35.56656,0.26363247825705,1.9192444417113244,,Ofertas,https://www.mercadolivre.com.br/mala-de-viagem-vermelha-10kg-bordo-bagagem-de-mao-roda-360/up/MLBU5199305602
MLB5220606367,Squishy Gelo Cristal Alivio Antiestresse Quadrado Cubo Viral Aleatória,Brinquedos e Hobbies,12,48.35,77.99,38,4.7,100,,False,RELÂMPAGO,5.221800000000001,0.051607880172186586,1.9151363129077967,,Ofertas,https://www.mercadolivre.com.br/squishy-gelo-cristal-alivio-antiestresse-quadrado-cubo-viral/up/MLBU5175488346
MLB4312456147,Chocalho Mordedor Bebê Infantil Massageador Silicone Diversos Mordedor Infantil Brinquedo Chocalho,Brinquedos e Hobbies,12,34.99,59.99,42,4.9,100,,True,OFERTA IMPERDÍVEL,3.7789200000000003,0.03734766757445313,1.899396014723845,,Ofertas,https://www.mercadolivre.com.br/chocalho-mordedor-bebe-infantil-massageador-silicone/up/MLBU3565863743
MLB7127263428,Vestido Infantil Cerejinha Encantada Tam 1-10,Bebês,12,51.48,60.99,16,5.0,50,,False,RELÂMPAGO,5.55984,0.054948783273302285,1.8781695182094342,,Ofertas,https://produto.mercadolivre.com.br/MLB-7127263428-vestido-infantil-cerejinha-encantada-tam-1-10-_JM
MLB4287899872,Vassourinha Pazinha E Rodinho Para Criança - Kit Infantil,Bebês,12,32,54.9,42,4.9,1000,,False,RELÂMPAGO,3.456,0.034156197838882546,1.87578867304571,,Ofertas,https://www.mercadolivre.com.br/vassourinha-pazinha-e-rodinho-para-crianca-kit-infantil/p/MLB2089880576
MLB4924352425,Kit 7 Pares Meia Bebê Todo Dia Rn Duck Menino Menina Algodão Menino Sortido Rn,Bebês,12,37.74,69.9,46,4.9,50,,True,RELÂMPAGO,4.075920000000001,0.040282965826232114,1.8742409549550954,,Ofertas,https://www.mercadolivre.com.br/kit-7-pares-meia-bebe-todo-dia-rn-duck-menino-menina-algodao/up/MLBU4369065485
MLB7320796762,Barra De Manteiga Brinquedo Anti Estresse Butter Squishy Amarelo,Brinquedos e Hobbies,12,34.9,69.99,50,4.2,500,,True,RELÂMPAGO,3.7691999999999997,0.03725160326803127,1.8633924738637755,,Ofertas,https://www.mercadolivre.com.br/barra-de-manteiga-brinquedo-anti-estresse-butter-squishy/up/MLBU4549572725
MLB5080509919,Brinquedo Educativo Bebê Torre Espiral De Bolinhas Chocalho Cesta Interativa Slide Maxi Baby,Brinquedos e Hobbies,12,43.39,59.9,28,5.0,100,,False,RELÂMPAGO,4.686120000000001,0.04631366950715981,1.8633782432845298,,Ofertas,https://www.mercadolivre.com.br/brinquedo-educativo-bebe-torre-espiral-de-bolinhas-chocalho-cesta-interativa-slide-maxi-baby/p/MLB77510116
MLB5344103598,Caminhão Basculante Carreta Construção Iveco Caçamba Cor Branco,Brinquedos e Hobbies,12,38.89,47.89,19,4.8,100,,True,RELÂMPAGO,4.20012,0.041510454186066935,1.857691253745742,,Ofertas,https://www.mercadolivre.com.br/caminhao-basculante-carreta-construcao-iveco-cacamba-cor-branco/p/MLB47794453
MLB7623953154,Piscina Inflável Extra Grande 4 Camadas Reforçada Mais Alta,Brinquedos e Hobbies,12,479.7,1350,64,,,,False,,51.807599999999994,0.2560113766142493,1.8432819116225951,,Ofertas,https://produto.mercadolivre.com.br/MLB-7623953154-piscina-inflavel-extra-grande-4-camadas-reforcada-mais-alta-_JM
MLB4843766075,Kit Tapete Eva 12 Peças 60x60cm Antiderrapante Espuma Pe Coloridos Liso,Bebês,12,249,539,54,,,,False,RELÂMPAGO,26.892,0.19933343582535357,1.8338676095932531,,Ofertas,https://www.mercadolivre.com.br/kit-tapete-eva-12-pecas-60x60cm-antiderrapante-espuma-pe/up/MLBU4199755683
MLB5140705331,Squishy Barra De Manteiga Apertar Amarela Anti Stress Squish Amarelo,Brinquedos e Hobbies,12,34.5,65,47,4.2,500,,True,RELÂMPAGO,3.726,0.03682465079504524,1.8158764554732576,,Ofertas,https://www.mercadolivre.com.br/squishy-barra-de-manteiga-apertar-amarela-anti-stress-squish/up/MLBU4976073908
MLB6391984102,"100 Sleeve Colors Roxo Bra Para Cards Pokemon, Magic, Entre Outros",Brinquedos e Hobbies,12,47.4,49.9,5,5.0,50,,True,,5.1192,0.050593868048844776,1.797262200679022,,Ofertas,https://www.mercadolivre.com.br/100-sleeve-colors-roxo-bra-para-cards-pokemon-magic-entre/up/MLBU3826700490
MLB4605253261,Brinquedo Educativo Coordenação Cores Jogo Desafio Garrafas,Brinquedos e Hobbies,12,40.78,62.86,35,5.0,25,,True,RELÂMPAGO,4.404240000000001,0.04352780462092594,1.7912190364609004,,Ofertas,https://www.mercadolivre.com.br/brinquedo-educativo-coordenacao-cores-jogo-desafio-garrafas/up/MLBU3905869128
MLB6895470604,Brinquedo Bebê Interativo Animais Educativo Didático Com Luz,Brinquedos e Hobbies,12,36.67,78,53,4.8,50,,True,RELÂMPAGO,3.9603600000000005,0.03914086796099447,1.7888857972712569,,Ofertas,https://www.mercadolivre.com.br/brinquedo-bebe-interativo-animais-educativo-didatico-com-luz/up/MLBU4037309411
MLB4303788079,Brinquedo Bebê Chocalho Mordedor Musical Sensorial Interativ Amarelo Girafa,Brinquedos e Hobbies,12,41.93,59.9,30,5.0,50,,True,,4.52844,0.04475529298076078,1.783741580439273,,Ofertas,https://www.mercadolivre.com.br/brinquedo-bebe-chocalho-mordedor-musical-sensorial-interativ/up/MLBU3808936591
MLB4803215079,Anacapri C303540022 Tênis Feminino Marrom Liso 38,"Calçados, Roupas e Bolsas",16,157.99,199.9,21,,,,True,RELÂMPAGO,22.75056,0.1686355530176579,1.7780932710181852,,Ofertas,https://www.mercadolivre.com.br/anacapri-c303540022-tenis-feminino/up/MLBU4147300838
MLB4859444381,Bebé Monitor Câmara De Segurança Infantil Visão Noturna 127/220v Branco,Bebês,12,194,299,35,,,,True,OFERTA IMPERDÍVEL,20.952,0.15530396204866903,1.776677325836774,,Ofertas,https://www.mercadolivre.com.br/bebe-monitor-camara-de-seguranca-infantil-visao-noturna/up/MLBU4252475002
MLB7492878888,Boneca Colecionável My Mini Baby Série 2,Brinquedos e Hobbies,12,43.02,73.88,42,5.0,50,,False,RELÂMPAGO,4.64616,0.045918738469647724,1.7764014188221133,,Ofertas,https://www.mercadolivre.com.br/boneca-colecionavel-my-mini-baby-serie-2/p/MLB2091719515
MLB1665663326,Chocalho Mordedor De Pelúcia Safari Bebê Brinquedo Circo,Bebês,12,39.2,51.9,24,4.7,500,,False,RELÂMPAGO,4.233600000000001,0.04184134235263112,1.7734595629924679,,Ofertas,https://produto.mercadolivre.com.br/MLB-1665663326-chocalho-mordedor-de-pelucia-safari-beb-brinquedo-circo-_JM
MLB6612896050,Jogo De Palavras Stop Adedonha Caça Palavras Com Cartas Jogo De Mesa Educativo Afortunado Imports Tabuleiro Em Família Adultos E Crianças,Brinquedos e Hobbies,12,34.99,78.99,56,5.0,500,,False,,3.7789200000000003,0.03734766757445313,1.7687079611534158,,Ofertas,https://www.mercadolivre.com.br/jogo-de-palavras-stop-adedonha-caca-palavras-com-cartas-jogo-de-mesa-educativo-afortunado-imports-tabuleiro-em-familia-adultos-e-criancas/p/MLB67959054
MLB4847095463,Caminhão Dinossauro Verde Infantil Com Jaula E 4 Dinossauros Dinossauros Verde,Brinquedos e Hobbies,12,46.46,89.9,48,5.0,25,,False,RELÂMPAGO,5.0176799999999995,0.04959052973732759,1.757115897509219,,Ofertas,https://www.mercadolivre.com.br/caminhao-dinossauro-verde-infantil-com-jaula-e-4-dinossauros/up/MLBU4203440749
MLB4081853017,Capivara De Braço Pulseira Brinquedo Pelúcia Capibara Filó Marrom-claro,Bebês,12,32.48,59.9,46,4.8,500,,False,RELÂMPAGO,3.50784,0.03466854080646578,1.7218692987697413,,Ofertas,https://www.mercadolivre.com.br/capivara-de-braco-pulseira-brinquedo-pelucia-capibara-filo/up/MLBU3210210161
MLB7461056956,Banco Supino Reto Musculação - Faithpower Preto Fosco,Esportes e Fitness,16,185.53,315,41,,,,False,RELÂMPAGO,26.71632,0.1980312307827462,1.7078213342704034,,Ofertas,https://www.mercadolivre.com.br/banco-supino-reto-musculacao--faithpower/up/MLBU4829213861
MLB4111340183,Camisa Manga Longa Uv 50 Proteção Mascunino Sol Segunda Pele,"Calçados, Roupas e Bolsas",16,18.54,60,69,4.3,10000,,False,MAIS VENDIDO,2.6697599999999997,0.02638566283053676,1.699236686286567,,Ofertas,https://produto.mercadolivre.com.br/MLB-4111340183-camisa-manga-longa-uv-50-proteco-mascunino-sol-segunda-pele-_JM
MLB4722699289,Kit Cozinha Infantil Fogão Panelinhas Comidinhas Brinquedo Unica,Brinquedos e Hobbies,12,42.31,69.99,40,4.7,100,,False,RELÂMPAGO,4.56948,0.045160897830097524,1.6932595756149986,,Ofertas,https://www.mercadolivre.com.br/kit-cozinha-infantil-fogao-panelinhas-comidinhas-brinquedo/up/MLBU4036369698
MLB3478038297,Caderneta De Saúde E Vacinação Do Bebê 2026 Capa Dura Full,Bebês,12,40.78,99.99,59,4.9,50,,False,RELÂMPAGO,4.404240000000001,0.04352780462092594,1.6782492992663516,,Ofertas,https://www.mercadolivre.com.br/caderneta-de-saude-e-vacinacao-do-bebe-2026-capa-dura-full/up/MLBU2262023481
MLB7585207632,Squishy Manteiga 13cm Gigante Anti Estresse Slow Rising Butt Amarelo,Brinquedos e Hobbies,12,29.9,59.99,50,4.3,500,,True,RELÂMPAGO,3.2291999999999996,0.03191469735570588,1.6625551541107697,,Ofertas,https://www.mercadolivre.com.br/squishy-manteiga-13cm-gigante-anti-estresse-slow-rising-butt/up/MLBU5072545397
MLB4478588709,Sandália Laço Recém Nascida Bebê Meiga Macia Segura Reborn,Bebês,12,29.5,49.86,41,4.8,1000,,False,RELÂMPAGO,3.186,0.03148774488271984,1.6506407428292855,,Ofertas,https://produto.mercadolivre.com.br/MLB-4478588709-sandalia-laco-recem-nascida-beb-meiga-macia-segura-reborn-_JM
MLB3250794239,Kit 3 Short De Dormir Cueca Samba Canção Malha Fria Pijama,"Calçados, Roupas e Bolsas",16,35.9,49.9,28,4.4,1000,,False,,5.1696,0.05109197926732847,1.6416612426134023,,Ofertas,https://produto.mercadolivre.com.br/MLB-3250794239-kit-3-short-de-dormir-cueca-samba-canco-malha-fria-pijama-_JM
MLB5320050162,Mosquiteiro De Berço Avulso Tamanho Americano E Nacional Cor Branco,Bebês,12,22,29.9,26,4.7,5000,,True,RELÂMPAGO,2.3760000000000003,0.023482386014231752,1.6313414699560074,,Ofertas,https://www.mercadolivre.com.br/mosquiteiro-de-berco-avulso-tamanho-americano-e-nacional-cor-branco/p/MLB47196818
MLB6777609524,Suporte Horizontal Compatível C/ Ps5 Slim Digital Play5 Cor Branco STELL3D,Games,12,24,35.97,33,4.8,1000,,True,RELÂMPAGO,2.592,0.025617148379161906,1.6183596331259749,,Ofertas,https://www.mercadolivre.com.br/suporte-horizontal-compativel-c-ps5-slim-digital-play5-cor-branco-stell3d/p/MLB53994881
MLB6777647916,Suporte Horizontal Compatível C/ Ps5 Slim Digital Play5 Cor Preto STELL3D,Games,12,24,35.97,33,4.8,1000,,True,RELÂMPAGO,2.592,0.025617148379161906,1.6183596331259749,,Ofertas,https://www.mercadolivre.com.br/suporte-horizontal-compativel-c-ps5-slim-digital-play5-cor-preto-stell3d/p/MLB54221756
MLB3279484891,Kit 2 Pares Sandália Sandalinha Tênis Bebê Menina Fofinho,Bebês,12,45.57,49.9,9,4.8,100,,False,RELÂMPAGO,4.92156,0.04864056048493368,1.615634015502059,,Ofertas,https://produto.mercadolivre.com.br/MLB-3279484891-kit-2-pares-sandalia-sandalinha-tnis-beb-menina-fofinho-_JM
MLB4923734777,Kit Extensor + 3 Faixas Gravida Gestante Gravidez Calça Sos Preta/branco/azul Marinho Viscolycra P/m,Bebês,12,37.52,59.9,37,4.9,100,,False,RELÂMPAGO,4.05216,0.04004814196608978,1.613216891023781,,Ofertas,https://www.mercadolivre.com.br/kit-extensor--3-faixas-gravida-gestante-gravidez-calca-sos/up/MLBU4368108479
MLB6568584552,Miniatura Escavadeira De Metal Amarelo Escala 1:80 Pequeno Verde,Brinquedos e Hobbies,12,29.44,59.89,51,4.8,100,,True,RELÂMPAGO,3.1795200000000006,0.03142370201177194,1.5935884652031511,,Ofertas,https://www.mercadolivre.com.br/miniatura-escavadeira-de-metal-amarelo-escala-180-pequeno/up/MLBU3887526040
MLB4752162080,Touro Boi De Pelúcia Infantil Anti-alérgico Preto,Brinquedos e Hobbies,12,44.54,79,44,4.6,50,,False,RELÂMPAGO,4.81032,0.04754115786699463,1.5673071538613608,,Ofertas,https://www.mercadolivre.com.br/touro-boi-de-pelucia-infantil-antialergico/up/MLBU1472053993
MLB7264718732,Kit 5 Bodys Algodão Manga Curta Bebê Menina Rosa 3m,Bebês,12,58.06,217.41,73,,50,,False,OFERTA DO DIA,6.27048,0.061972151453922514,1.5437043310324376,,Ofertas,https://www.mercadolivre.com.br/kit-5-bodys-algodao-manga-curta-bebe-menina/up/MLBU4445451125
MLB7094468684,Kit 6 Carrinhos Metal Relâmpago Mcqueen Brinquedo Infantil Relâmpago Mcqueen Variado,Brinquedos e Hobbies,12,43.92,62.49,30,5.0,25,,False,RELÂMPAGO,4.74336,0.04687938153386629,1.5306324182836453,,Ofertas,https://www.mercadolivre.com.br/kit-6-carrinhos-metal-relampago-mcqueen-brinquedo-infantil/up/MLBU4201434403
MLB4810333993,Sapatinho Calce Facil  Meia Sapatilha Antiderrapante Bebê Tubarão Azul 17.18 Br,Bebês,12,27,45.6,41,4.8,1000,,False,RELÂMPAGO,2.9160000000000004,0.028819291926557144,1.5107559341149392,,Ofertas,https://www.mercadolivre.com.br/sapatinho-calce-facil--meia-sapatilha-antiderrapante-bebe/up/MLBU4141247671
MLB6994355508,Jogo Salve Pinguim Interativo Quebra Gelo Tira Gelo Infantil,Brinquedos e Hobbies,12,29.3,46.75,37,4.8,100,,True,RELÂMPAGO,3.1644,0.03127426864622682,1.5078372416721508,,Ofertas,https://www.mercadolivre.com.br/jogo-salve-pinguim-interativo-quebra-gelo-tira-gelo-infantil/up/MLBU4133384954
MLB7382034620,Trava Inteligente Adesiva Com Senha Proteja Geladeira Móveis Branco,Bebês,12,26.03,78.9,67,5.0,100,,True,OFERTA DO DIA,2.81124,0.02778393217956602,1.5024935033063562,,Ofertas,https://www.mercadolivre.com.br/trava-inteligente-adesiva-com-senha-proteja-geladeira-moveis/up/MLBU4685518408
MLB4658451055,Volante Infantil Musical Interativo Som Luz Rosa Brinquedo,Bebês,12,30.33,55,45,4.6,100,,True,RELÂMPAGO,3.2756399999999997,0.03237367126416586,1.501708489412965,,Ofertas,https://www.mercadolivre.com.br/volante-infantil-musical-interativo-som-luz-rosa-brinquedo/up/MLBU3939232737
MLB6228215304,Bola Mágica Disco Voador Brinquedo Praia Abre Fecha Maluca Cores Variadas Bola Magica Abre E Fecha,Brinquedos e Hobbies,12,31,60,48,4.5,100,,True,RELÂMPAGO,3.3480000000000003,0.03308881665641746,1.498299066326963,,Ofertas,https://www.mercadolivre.com.br/bola-magica-disco-voador-brinquedo-praia-abre-fecha-maluca/up/MLBU3771423069
MLB5180112795,Kit Higiene Cuidados Bebê Recém-nascido Completo 13 Peças Azul-claro,Bebês,12,33.05,47.9,31,4.8,50,,True,RELÂMPAGO,3.5694,0.035276948080470875,1.4961440234141294,,Ofertas,https://www.mercadolivre.com.br/kit-higiene-cuidados-bebe-recemnascido-completo-13-pecas/up/MLBU5066138345
MLB5440635586,Camisa Infantil Proteção Uv Solar Térmica Criança Blusa Kids,Bebês,12,23.12,59.9,61,4.7,500,,True,RELÂMPAGO,2.49696,0.024677852938592638,1.490082117144338,,Ofertas,https://produto.mercadolivre.com.br/MLB-5440635586-camisa-infantil-proteco-uv-solar-termica-crianca-blusa-kids-_JM
MLB4804524931,Boneca Bebê Reborn Bzdoll 45cm Corpo Vinil,Brinquedos e Hobbies,12,200.53,512.84,61,,,,False,OFERTA DO DIA,21.65724,0.1605314613897918,1.4768894447860847,,Ofertas,https://www.mercadolivre.com.br/boneca-bebe-reborn-bzdoll-45cm-corpo-vinil/p/MLB2090071537
MLB5645697630,Sapatinho Calce Facil Meia Antiderrapante Bebê Dino Azul,Bebês,12,26.36,51.29,49,4.9,500,,False,RELÂMPAGO,2.84688,0.028136167969779493,1.4757110490289929,,Ofertas,https://produto.mercadolivre.com.br/MLB-5645697630-sapatinho-calce-facil-meia-antiderrapante-beb-dino-azul-_JM
MLB4176521307,Sapatinho Calce Facil Meia Antiderrapante Bebê Preto,Bebês,12,26.36,51.29,49,4.9,500,,False,RELÂMPAGO,2.84688,0.028136167969779493,1.4757110490289929,,Ofertas,https://produto.mercadolivre.com.br/MLB-4176521307-sapatinho-calce-facil-meia-antiderrapante-beb-preto-_JM
MLB5720841916,Travesseiro Bebê Lavável Fofinho Antissufocante Fibrasca Branco,Bebês,12,29.9,49.9,40,4.6,100,,True,RELÂMPAGO,3.2291999999999996,0.03191469735570588,1.4497359519416997,,Ofertas,https://www.mercadolivre.com.br/travesseiro-bebe-lavavel-fofinho-antissufocante-fibrasca/up/MLBU3433473620
MLB4684370551,Fone De Ouvido Com Fio P2 Super Bass Celular Pc Tablet Gamer Branco,Games,12,33.08,49.9,34,5.0,25,,True,RELÂMPAGO,3.57264,0.035308969515944824,1.4475472602426465,,Ofertas,https://www.mercadolivre.com.br/fone-de-ouvido-com-fio-p2-super-bass-celular-pc-tablet-gamer/up/MLBU3966409975
MLB2187002382,Manta Dupla Face Bebê Manta E Sherpa Infantil Super Macia,Bebês,12,27.28,38.99,30,4.8,1000,,False,RELÂMPAGO,2.94624,0.029118158657647365,1.4444173996770244,,Ofertas,https://produto.mercadolivre.com.br/MLB-2187002382-manta-dupla-face-beb-manta-e-sherpa-infantil-super-macia-_JM
MLB4479424843,Chinelo Havaianas Clog Baby Infantil Babuche Marvel Marinho 29/30 Liso Com Aplique Personagem,Bebês,12,31.96,59.99,47,4.9,100,,False,RELÂMPAGO,3.45168,0.03411350259158394,1.4397503699853764,,Ofertas,https://www.mercadolivre.com.br/chinelo-havaianas-clog-baby-infantil-babuche-marvel/up/MLBU3796242409
MLB5257640103,Fone Videogame R36s Retro Portátil Premium Console De Mão Preto,Games,12,277,299,7,,,,False,RELÂMPAGO,29.916000000000004,0.22174844065712027,1.4298339453571116,,Ofertas,https://www.mercadolivre.com.br/fone-videogame-r36s-retro-portatil-premium-console-de-mao/up/MLBU5244505068
MLB3761244657,Coberdrom Edredom Manta Bebê Berço Menina Menino Dupla Face,Bebês,12,27.19,32.99,18,4.9,1000,,False,RELÂMPAGO,2.9365200000000002,0.029022094351225516,1.4155030901561043,,Ofertas,https://produto.mercadolivre.com.br/MLB-3761244657-coberdrom-edredom-manta-beb-berco-menina-menino-dupla-face-_JM
MLB6718363948,Tênis Infantil Unissex Casual Bebê Menino Menina Look Escola Branco 20 Br,Bebês,12,37.53,69.9,46,5.0,25,,False,RELÂMPAGO,4.053240000000001,0.04005881577791444,1.407000703384593,,Ofertas,https://www.mercadolivre.com.br/tenis-infantil-unissex-casual-bebe-menino-menina-look-escola/up/MLBU3949103308
MLB7631032958,Squishy Grande Com Led Glitter Brinquedo Sensorial Macio Aleatório,Brinquedos e Hobbies,12,39.5,78.9,50,4.3,100,,False,RELÂMPAGO,4.266,0.042161556707370644,1.37813550173078,,Ofertas,https://www.mercadolivre.com.br/squishy-grande-com-led-glitter-brinquedo-sensorial-macio/up/MLBU5150290391
MLB7502476128,Pelúcia De Dinossauro Brinquedo Infantil Dino Antialérgico Azul-celeste,Bebês,12,29.47,39.95,26,4.6,100,,True,RELÂMPAGO,3.18276,0.0314557234472459,1.3442121268357934,,Ofertas,https://www.mercadolivre.com.br/pelucia-de-dinossauro-brinquedo-infantil-dino-antialergico/up/MLBU4937504856
MLB7589459390,Organizador Infantil Mdf Estante Livros Brinquedos Quarto Branco,Bebês,12,136.73,279.99,51,,,,False,RELÂMPAGO,14.766839999999998,0.1459430290784503,1.342675867521743,,Ofertas,https://www.mercadolivre.com.br/organizador-infantil-mdf-estante-livros-brinquedos-quarto/up/MLBU5079914381
MLB5183208977,Pneu 10x270 6.5 70/65/6.5 Patinete Eletrico Xiaomi Foston,Brinquedos e Hobbies,12,132.05,329.9,60,,,,False,RELÂMPAGO,14.261400000000002,0.14094768514451375,1.2967187033295267,,Ofertas,https://www.mercadolivre.com.br/pneu-10x270-65-706565-patinete-eletrico-xiaomi-foston/up/MLBU5071415315
MLB3212052673,Sandália Baby Menino Leve Sapatinho Infantil Masculino Macio,Bebês,12,27.62,29.9,8,4.8,1000,,False,RELÂMPAGO,2.9829600000000003,0.029481068259685494,1.2963642746110853,,Ofertas,https://produto.mercadolivre.com.br/MLB-3212052673-sandalia-baby-menino-leve-sapatinho-infantil-masculino-macio-_JM
MLB4862168799,Bloco Montar Caminhão Escavadeira Construção 1000 Peças 1000 Blocos De Montar,Brinquedos e Hobbies,12,111.45,150,26,,,,True,RELÂMPAGO,12.0366,0.1189596327857331,1.292377450584205,,Ofertas,https://www.mercadolivre.com.br/bloco-montar-caminhao-escavadeira-construcao-1000-pecas/up/MLBU4257161454
MLB6068102528,Fralda Cremer Econômica XG 24 Unidades,Bebês,12,24.6,32.8,25,4.8,1000,,False,OFERTA DO DIA,2.6568000000000005,0.02625757708864096,1.268903810623469,,Ofertas,https://www.mercadolivre.com.br/fralda-cremer-economica-xg-24-unidades/p/MLB41558378
MLB3705840003,Body Bebê Personalizado Com Nome Time Vasco Da Gama Vascaíno,Bebês,12,34.08,39.9,15,4.8,100,,False,RELÂMPAGO,3.68064,0.03637635069840991,1.2502346760154226,,Ofertas,https://produto.mercadolivre.com.br/MLB-3705840003-body-beb-personalizado-com-nome-time-vasco-da-gama-vascaino-_JM
MLB5686838280,Cereal Infantil Mucilon® 5 Cereais Zero 600g,Bebês,12,18,35.42,49,4.9,1000,,False,MAIS VENDIDO,1.9440000000000002,0.019212861284371434,1.2432838822875087,,Ofertas,https://www.mercadolivre.com.br/cereal-infantil-mucilon-5-cereais-zero-600g/p/MLB51970265
MLB7608023326,Almofada Amamentação Bebê Estampada Macia 100% Algodão Zíper Azul,Bebês,12,124.99,249.99,50,,,,False,RELÂMPAGO,13.49892,0.1334119739963103,1.227390160766055,,Ofertas,https://www.mercadolivre.com.br/almofada-amamentacao-bebe-estampada-macia-100-algodao-ziper/up/MLBU5146967504
MLB5195453517,Kit Chocalhos Para Bebê 5 Peças Mordedor Sensorial Educativo Colorido Infantil,Brinquedos e Hobbies,12,32.9,55,40,5.0,25,,False,RELÂMPAGO,3.5531999999999995,0.035116840903101104,1.200856285418236,,Ofertas,https://www.mercadolivre.com.br/kit-chocalhos-para-bebe-5-pecas-mordedor-sensorial-educativo/up/MLBU5128233952
MLB3956750337,Jogo de mesa Barril pirata Médio Art Brink 16 Adagas,Brinquedos e Hobbies,12,19,58.9,68,4.4,10000,,False,OFERTA IMPERDÍVEL,2.052,0.02028024246683651,1.1600298691030486,,Ofertas,https://www.mercadolivre.com.br/jogo-de-mesa-barril-pirata-medio-art-brink-16-adagas/p/MLB16109476
MLB5068906677,Tapete De Atividades Infantil Antiderrapante Safari,Brinquedos e Hobbies,12,49.99,89.9,44,4.2,50,,False,,5.39892,0.05335838531142933,1.1465264010580525,,Ofertas,https://www.mercadolivre.com.br/tapete-de-atividades-infantil-antiderrapante-safari/up/MLBU4757177332
MLB5482429712,Travesseiro Rampa 2 Fronha Antirefluxo Bebê Berço Carrinho,Bebês,12,34.92,44.9,22,4.7,50,,False,RELÂMPAGO,3.7713600000000005,0.03727295089168057,1.1432119070129587,,Ofertas,https://produto.mercadolivre.com.br/MLB-5482429712-travesseiro-rampa-2-fronha-antirefluxo-beb-berco-carrinho-_JM
MLB7085248332,Boneca Dançarina Com Música E Led Brinquedo Infantil Menina Presente Frozen,Brinquedos e Hobbies,12,28.77,35.99,20,4.9,100,,False,OFERTA DO DIA,3.10716,0.03070855661952033,1.1366231554836852,,Ofertas,https://www.mercadolivre.com.br/boneca-dancarina-com-musica-e-led-brinquedo-infantil-menina-presente-frozen/p/MLB74812922
MLB7607986516,Ninho Redutor Para Bebê Recém Nascido Maternidade Enxoval Rosa,Bebês,12,179.99,249.99,28,,,,False,RELÂMPAGO,19.43892,0.14408845427391723,1.1227372357023633,,Ofertas,https://www.mercadolivre.com.br/ninho-redutor-para-bebe-recem-nascido-maternidade-enxoval/up/MLBU5146909224
MLB6808953538,Babuche Jacaré Infantil Macio Verde Cinza Preto Do 19 Ao 25 Verde 23/24 Jacaré,Bebês,12,31.04,35.68,13,5.0,50,,False,RELÂMPAGO,3.35232,0.033131511903716056,1.1152236682348637,,Ofertas,https://www.mercadolivre.com.br/babuche-jacare-infantil-macio-verde-cinza-preto-do-19-ao-25/up/MLBU3989496090
MLB6071770830,4 Pçs Protetor Borda Canto Quina Mesa Vidro Cantoneira Bebê Cor Transparente,Bebês,12,14.85,19,22,4.6,10000,,True,RELÂMPAGO,1.6038,0.015850610559606428,1.1070066414829127,,Ofertas,https://www.mercadolivre.com.br/4-pcs-protetor-borda-canto-quina-mesa-vidro-cantoneira-bebe-cor-transparente/p/MLB43809739
MLB4176393219,Sapatinho Calce Facil Meia Antiderrapante Bebê Borboleta,Bebês,12,26.36,51.29,49,4.7,100,,False,RELÂMPAGO,2.84688,0.028136167969779493,1.1036248655885574,,Ofertas,https://produto.mercadolivre.com.br/MLB-4176393219-sapatinho-calce-facil-meia-antiderrapante-beb-borboleta-_JM
MLB5081804111,Figura Hyoga De Cisne Saint Seiya Blokees Edição Dourada,Brinquedos e Hobbies,12,111.9,327.9,66,,,,False,RELÂMPAGO,12.085200000000002,0.11943995431784242,1.0988475797241504,,Ofertas,https://www.mercadolivre.com.br/figura-hyoga-de-cisne-saint-seiya-blokees-edicao-dourada/up/MLBU4791225750
MLB7123226152,"Dominó Profissional Grosso 9,5mm Colorido 28 Peças C/ Estojo",Brinquedos e Hobbies,12,30,39.9,25,4.9,50,,False,RELÂMPAGO,3.24,0.032021435473952385,1.0958915857798912,,Ofertas,https://www.mercadolivre.com.br/domino-profissional-grosso-95mm-colorido-28-pecas-c-estojo/up/MLBU4241579319
MLB5175118843,Squishie Duumpling O Verdadeiro Bolinho Fofo Sortida,Brinquedos e Hobbies,12,53.93,64.21,16,3.8,50,,False,OFERTA IMPERDÍVEL,5.82444,0.05756386717034173,1.0947480668382734,,Ofertas,https://www.mercadolivre.com.br/squishie-duumpling-o-verdadeiro-bolinho-fofo/up/MLBU5090103866
MLB5205065097,Kit Enxoval Bebê Bordado Manta E 5 Fralda Boca Maternidade Rosa,Bebês,12,119.99,194.99,38,,,,False,RELÂMPAGO,12.958919999999999,0.1280750680839849,1.0799289740841607,,Ofertas,https://www.mercadolivre.com.br/kit-enxoval-bebe-bordado-manta-e-5-fralda-boca-maternidade/up/MLBU5147309496
MLB7109393034,Jogo Bingo Completo 75 Pedras Madeira 40 Cartelas Numeradas,Brinquedos e Hobbies,12,23,29.9,23,4.7,100,,True,RELÂMPAGO,2.484,0.02454976719669683,1.076238655409711,,Ofertas,https://www.mercadolivre.com.br/jogo-bingo-completo-75-pedras-madeira-40-cartelas-numeradas/up/MLBU4245836340
MLB5389306734,Tenis Sapatinho Bebe Recem Nascido Macio E Leve Batizado,Bebês,12,25,39.9,37,4.9,100,,False,RELÂMPAGO,2.7,0.02668452956162699,1.0749046448719226,,Ofertas,https://produto.mercadolivre.com.br/MLB-5389306734-tenis-sapatinho-bebe-recem-nascido-macio-e-leve-batizado-_JM
MLB6231996506,Joelheira Antiderrapante Para Bebê Engatinhar 6-12 Meses Preto Joelheira,Bebês,12,19.68,25,21,4.4,1000,,True,RELÂMPAGO,2.12544,0.021006061670912766,1.0742825374179097,,Ofertas,https://www.mercadolivre.com.br/joelheira-antiderrapante-para-bebe-engatinhar-612-meses/up/MLBU1989024975
MLB4842097351,200 Bolinhas Para Piscina De Bolinhas Coloridas Não Amassa Colorido,Brinquedos e Hobbies,12,126.92,179.95,29,,,,False,RELÂMPAGO,13.70736,0.13547201967846786,1.0642681865940438,,Ofertas,https://www.mercadolivre.com.br/200-bolinhas-para-piscina-de-bolinhas-coloridas-nao-amassa/up/MLBU4194732371
MLB5158510363,Kit 4 Beyblade Burst Tornado 4 Peões 2 Lançadores Arena Multicolor,Brinquedos e Hobbies,12,39.15,42.49,8,4.5,50,,False,RELÂMPAGO,4.228199999999999,0.04178797329350785,1.053595719386943,,Ofertas,https://www.mercadolivre.com.br/kit-4-beyblade-burst-tornado-4-peoes-2-lancadores-arena/up/MLBU4998247207
MLB5051886097,Kit 2 Refil Shampoo Pampers De Glicerina Infantil 350ml Prom,Bebês,12,23.97,77.99,69,5.0,50,,False,RELÂMPAGO,2.5887599999999997,0.02558512694368795,1.0252481946332568,,Ofertas,https://www.mercadolivre.com.br/kit-2-refil-shampoo-pampers-de-glicerina-infantil-350ml/p/MLB2101304280
MLB1813014662,Sandalia Bebe Sandalinha Menino Bebê Tecido,Bebês,12,27.5,29.9,8,4.9,100,,False,RELÂMPAGO,2.9699999999999998,0.029352982517789682,1.0187222779919818,,Ofertas,https://produto.mercadolivre.com.br/MLB-1813014662-sandalia-bebe-sandalinha-menino-beb-tecido-_JM
MLB7332764068,Kit 20 Figurinhas Legend Ouro (extra Sticker Copa) + Neymar,Brinquedos e Hobbies,12,37.78,99,62,3.7,50,,False,RELÂMPAGO,4.08024,0.040325661073530694,1.004497926737952,,Ofertas,https://www.mercadolivre.com.br/kit-20-figurinhas-legend-ouro-extra-sticker-copa--neymar/up/MLBU4571381143
MLB7024742368,Fralda Cherito Prematuro Bebê Recém Nascido Pacote 20 Un Prematuro (pr),Bebês,12,146.05,155.3,6,,,,False,RELÂMPAGO,15.7734,0.15589102169902483,0.9952082825265748,,Ofertas,https://www.mercadolivre.com.br/fralda-cherito-prematuro-bebe-recem-nascido-pacote-20-un/up/MLBU4136847217
MLB7332792774,Kit 20 Figurinhas Legend Ouro (extra Sticker 2026) + Neymar,Brinquedos e Hobbies,12,37,96.9,62,,50,,False,RELÂMPAGO,3.9960000000000004,0.039493103751207945,0.9837592188804721,,Ofertas,https://www.mercadolivre.com.br/kit-20-figurinhas-legend-ouro-extra-sticker-2026--neymar/up/MLBU4597654062
MLB6444325252,Kit Extensor + 1 Faixas Gravida Gestante Gravidez Calça Sos,Bebês,12,24,39.9,40,5.0,50,,False,RELÂMPAGO,2.592,0.025617148379161906,0.9821408135850163,,Ofertas,https://produto.mercadolivre.com.br/MLB-6444325252-kit-extensor-1-faixas-gravida-gestante-gravidez-calca-sos-_JM
MLB7398614924,Bolinhas Para Piscina 200 Un Melhor Material Nao Amassam Colorido,Brinquedos e Hobbies,12,130.41,155.99,16,,,,False,RELÂMPAGO,14.084280000000001,0.139197180005271,0.9777209923570237,,Ofertas,https://www.mercadolivre.com.br/bolinhas-para-piscina-200-un-melhor-material-nao-amassam/up/MLBU4710710328
MLB1847893427,Estojo Case Tubular P/ Taco De Sinuca Bilhar / Sinuca 3/4 1440 G,Brinquedos e Hobbies,12,133.45,149.9,11,,,,False,RELÂMPAGO,14.4126,0.14244201879996485,0.9549312940349646,,Ofertas,https://www.mercadolivre.com.br/estojo-case-tubular-p-taco-de-sinuca-bilhar--sinuca-34/up/MLBU1263496344
MLB5099143996,Suporte Organizador Compatível Com Ps5 Playstation5 -6 Jogos,Games,12,24.5,32.24,24,4.8,100,,False,RELÂMPAGO,2.646,0.02615083897039444,0.9440433419246267,,Ofertas,https://produto.mercadolivre.com.br/MLB-5099143996-suporte-organizador-compativel-com-ps5-playstation5-6-jogos-_JM
MLB7104750136,Escavadeira Robô Transformers Bloco Montar Maquina Brinquedo 465 Escavadeira Transformers,Brinquedos e Hobbies,12,70.88,150,53,,,,True,RELÂMPAGO,7.65504,0.07565597821312482,0.938134129842748,,Ofertas,https://www.mercadolivre.com.br/escavadeira-robo-transformers-bloco-montar-maquina-brinquedo/up/MLBU4238896308
MLB5210228541,Churrasqueira Infantil A Bafo Portátil Rodinhas Som Grelhado Luz Brasa 23 Peças Maxi Toys,Brinquedos e Hobbies,12,159.9,199.9,20,,,,False,OFERTA DO DIA,17.2692,0.12800568830712467,0.9318814108758677,,Ofertas,https://www.mercadolivre.com.br/churrasqueira-infantil-a-bafo-portatil-rodinhas-som-grelhado-luz-brasa-23-pecas-maxi-toys/p/MLB79070497
MLB7574884330,Caminhão Escavadeira Controle Remoto Recarregável Acende Led Amarelo Escavadeira,Brinquedos e Hobbies,12,119.9,150,20,,,,False,RELÂMPAGO,12.949200000000001,0.12797900377756302,0.9316871475006591,,Ofertas,https://www.mercadolivre.com.br/caminhao-escavadeira-controle-remoto-recarregavel-acende-led/up/MLBU5056273077
MLB5212567725,Kit 2 Bat-eria Controle Para Ps4/ps4pro Playstation4 2 Plugs,Games,12,78.9,109,28,,,,True,OFERTA IMPERDÍVEL,8.5212,0.08421637529649478,0.9257063972590709,,Ofertas,https://www.mercadolivre.com.br/kit-2-bateria-controle-para-ps4ps4pro-playstation4-2-plugs/up/MLBU5126704243
MLB5174609225,Caminhão Bombeiro De Controle Remoto Bateria Recarregável Vermelho Bombeiro,Brinquedos e Hobbies,12,110,150,27,,,,False,RELÂMPAGO,11.879999999999999,0.11741193007115873,0.9073593955899147,,Ofertas,https://www.mercadolivre.com.br/caminhao-bombeiro-de-controle-remoto-bateria-recarregavel/up/MLBU5089155152
MLB7634647290,Cozinha Infantil Menina Completa Fogão Geladeira Pia Saiágua Rosa,Brinquedos e Hobbies,12,133.05,141.47,6,,,,False,RELÂMPAGO,14.3694,0.14201506632697883,0.906624183431433,,Ofertas,https://www.mercadolivre.com.br/cozinha-infantil-menina-completa-fogao-geladeira-pia-saiagua/up/MLBU5191778666
MLB4595382675,Colônia Infantil Menina Avon Minnie 150ml,Bebês,12,19.1,45,58,5.0,100,,False,RELÂMPAGO,2.0628,0.02038698058508302,0.9064858144761189,,Ofertas,https://www.mercadolivre.com.br/colonia-infantil-menina-avon-minnie-150ml/p/MLB2090635366
MLB4134041851,Kit Placa Usb Controle Ps4 Jds-040 + Cabo Flat 12 Vias,Games,12,19.06,22.9,17,4.7,1000,,False,RELÂMPAGO,2.05848,0.020344285337784415,0.8958967835983699,,Ofertas,https://www.mercadolivre.com.br/kit-placa-usb-controle-ps4-jds-040-cabo-flat-12-vias/p/MLB29039064
MLB5975752408,Mordedor Girafa Rosa Textoy Em Látex Com Chocalho +4m Rosa Liso,Bebês,12,26.17,29.9,12,4.9,50,,False,RELÂMPAGO,2.82636,0.027933365545111128,0.8930573125019617,,Ofertas,https://www.mercadolivre.com.br/mordedor-girafa-rosa-textoy-em-latex-com-chocalho-4m/up/MLBU3628735655
MLB5107706130,Kit 12 Dinossauro Emborrachado Sortido Toy King,Bebês,12,19.99,22.99,13,4.7,5000,,False,,2.15892,0.02133694983747694,0.8775065054839659,,Ofertas,https://www.mercadolivre.com.br/kit-12-dinossauro-emborrachado-sortido-toy-king/p/MLB22344311
MLB4353990549,Conjunto Menina Moda Praia Cinti Blusa Manga Longa E Biquini,Bebês,12,88.28,212.9,59,,,,False,RELÂMPAGO,9.534240000000002,0.09422841078801722,0.8669013792497585,,Ofertas,https://produto.mercadolivre.com.br/MLB-4353990549-conjunto-menina-moda-praia-cinti-blusa-manga-longa-e-biquini-_JM
MLB7005199174,Pelúcia Jesus Que Respira Acalma Ansiedade C Luz Som P Bebê Virgem Maria M.verm,Brinquedos e Hobbies,12,127.2,133.9,5,,,,False,RELÂMPAGO,13.7376,0.13577088640955812,0.8580720021084075,,Ofertas,https://www.mercadolivre.com.br/pelucia-jesus-que-respira-acalma-ansiedade-c-luz-som-p-bebe/up/MLBU4139802894
MLB7136348556,Tapete Bebê Atividades Musical Piano Interativo Verde,Bebês,12,93.23,154.9,40,,,,False,RELÂMPAGO,10.06884,0.09951194764121934,0.8518222718088377,,Ofertas,https://www.mercadolivre.com.br/tapete-bebe-atividades-musical-piano-interativo-verde/up/MLBU4255998727
MLB4411202733,Fone De Ouvido Bluetooth Supra-auricular Com Microfone Branco,Games,12,33.75,136.24,75,,25,,False,RELÂMPAGO,3.645,0.03602411490819643,0.8003749519652998,,Ofertas,https://www.mercadolivre.com.br/fone-de-ouvido-bluetooth-supraauricular-com-microfone/up/MLBU3716845690
MLB4847137545,Boneca Rumi Trix Demon Hunters Pupee Brinquedos Kpop,Brinquedos e Hobbies,12,76.16,157.9,52,,,,False,RELÂMPAGO,8.22528,0.08129175085654046,0.7478841078801722,,Ofertas,https://www.mercadolivre.com.br/boneca-rumi-trix-demon-hunters-pupee-brinquedos-kpop/up/MLBU4203561227
MLB3919366193,Babador De Silicone Gumy Com Pega Migalhas Cor Rosa-pálido Morango Tamanho Cm,Bebês,12,12.89,19.98,35,4.9,1000,,False,RELÂMPAGO,1.3921200000000002,0.013758543441974878,0.7309331394345185,,Ofertas,https://www.mercadolivre.com.br/babador-de-silicone-gumy-com-pega-migalhas-cor-rosa-palido-morango-tamanho-cm/p/MLB43429640
MLB3678342415,3 Escova Escovinha Pente Baby Hair Sobrancelha Cabelo Lace,Bebês,12,15.89,19.9,20,4.9,50,,True,RELÂMPAGO,1.71612,0.016960686989370113,0.7127133240127089,,Ofertas,https://produto.mercadolivre.com.br/MLB-3678342415-3-escova-escovinha-pente-baby-hair-sobrancelha-cabelo-lace-_JM
MLB5175204797,Lousa Quadro Branco 90x60cm Mdf Souza Com Apagador E Branco,Brinquedos e Hobbies,12,68.19,130,48,,,,False,RELÂMPAGO,7.364520000000001,0.07278472283229379,0.6603030055345693,,Ofertas,https://www.mercadolivre.com.br/lousa-quadro-branco-90x60cm-mdf-souza-com-apagador-e-branco/p/MLB2108284034
MLB5277022279,Caixa Registradora De Brinquedo Kit Comidinhas Infantil Único,Brinquedos e Hobbies,12,72.71,119,39,,,,False,RELÂMPAGO,7.852679999999999,0.07760928577703594,0.6593684919616974,,Ofertas,https://www.mercadolivre.com.br/caixa-registradora-de-brinquedo-kit-comidinhas-infantil/up/MLBU5241064493
MLB5183382903,Tapete Infantil Educativo Kids 69x118cm Criança Bebê Quarto Balões,Brinquedos e Hobbies,12,69.9,119.9,42,,,,False,RELÂMPAGO,7.5492,0.07460994465430905,0.6482111991566372,,Ofertas,https://www.mercadolivre.com.br/tapete-infantil-educativo-kids-69x118cm-crianca-bebe-quarto/up/MLBU5105230650
MLB7575350386,Mini Máquina De Costura Ateliê Brinquedo Costura De Verdade Violeta,Brinquedos e Hobbies,12,78.89,106,26,,,,False,RELÂMPAGO,8.52012,0.08420570148467013,0.6453524961785119,,Ofertas,https://www.mercadolivre.com.br/mini-maquina-de-costura-atelie-brinquedo-costura-de-verdade/up/MLBU5090015680
MLB7559828218,Fraldas Infantil Pacotão 120 100 90 80 Unidades Extra Extra Grande (xxg) Sem Gênero,Bebês,12,93.95,99.9,6,,,,False,RELÂMPAGO,10.146600000000001,0.10028046209259422,0.6401904699991217,,Ofertas,https://www.mercadolivre.com.br/fraldas-infantil-pacotao-120-100-90-80-unidades/up/MLBU5019873337
MLB7532096604,Rainbocorns Adopt A Corn Surprise Série 1 Zuru 1,Bebês,12,67.86,114.44,41,,,,False,OFERTA IMPERDÍVEL,7.328880000000001,0.0724324870420803,0.6246577682509006,,Ofertas,https://www.mercadolivre.com.br/rainbocorns-adopt-a-corn-surprise-serie-1-zuru/up/MLBU4958625743
MLB7626938616,Aspirador Sugador Nasal Elétrico Limpeza Nariz Bebê 9 Modos Azul-claro,Bebês,12,48,78.9,39,,,,True,RELÂMPAGO,5.184,0.05123429675832381,0.5992363348853553,,Ofertas,https://www.mercadolivre.com.br/aspirador-sugador-nasal-eletrico-limpeza-nariz-bebe-9-modos/up/MLBU5178916428
MLB5179342723,Kit 10 Carrinhos Metálico Relâmpago Mcqueen Carros 3 O Filme Variado,Brinquedos e Hobbies,12,72.78,98.74,26,,,,False,RELÂMPAGO,7.860240000000001,0.07768400245980848,0.5953701948519723,,Ofertas,https://www.mercadolivre.com.br/kit-10-carrinhos-metalico-relampago-mcqueen-carros-3-o-filme/up/MLBU5064545797
MLB7315248914,Kit Meia Bebê Com Laço + Faixa De Cabelo Infantil Premium Bege,Bebês,12,55.23,63.2,13,,,,True,RELÂMPAGO,5.964840000000001,0.05895146270754633,0.5914010738821048,,Ofertas,https://www.mercadolivre.com.br/kit-meia-bebe-com-laco--faixa-de-cabelo-infantil-premium/up/MLBU4563731356
MLB7522652070,"Splashpad Cokunst Infantil Redondo de 170cm para Jardim, Com Jatos de Água",Brinquedos e Hobbies,12,78.98,149,47,,,,False,,8.52984,0.08430176579109197,0.5907867746639727,,Ofertas,https://www.mercadolivre.com.br/splashpad-cokunst-infantil-redondo-de-170cm-para-jardim-com-jatos-de-agua/p/MLB78272116
MLB4871172481,Caminhão Bombeiro Infantil Luz Som Escada Articulada Bombeiro Vermelho,Brinquedos e Hobbies,12,59.81,127.56,53,,,,False,RELÂMPAGO,6.45948,0.06384006852323641,0.587328630413775,,Ofertas,https://www.mercadolivre.com.br/caminhao-bombeiro-infantil-luz-som-escada-articulada/up/MLBU4253501817
MLB5264456503,Blocos De Montar Stem - Construção Para Educação Científica 135 Robótica Steam Engrenagens Eletrônico,Brinquedos e Hobbies,12,49.66,65.9,25,,,,True,RELÂMPAGO,5.36328,0.053006149521215844,0.5724664148291312,,Ofertas,https://www.mercadolivre.com.br/blocos-de-montar-stem--construcao-para-educacao-cientifica/up/MLBU5066175063
MLB4700715521,Bebê Babador De Silicone Gumy Com Pega Migalhas Cor Bege Urso Tamanho Cm,Bebês,12,12.89,19.98,35,4.9,100,,False,RELÂMPAGO,1.3921200000000002,0.013758543441974878,0.5489299438707036,,Ofertas,https://www.mercadolivre.com.br/bebe-babador-de-silicone-gumy-com-pega-migalhas-cor-bege-urso-tamanho-cm/p/MLB70070696
MLB5270898961,Piscina Infantil Inflável 253 Litros 3 Aneis Transparente Azul,Brinquedos e Hobbies,12,59.9,99.9,40,,,,False,RELÂMPAGO,6.4692,0.06393613282965825,0.5472932970218747,,Ofertas,https://www.mercadolivre.com.br/piscina-infantil-inflavel-253-litros-3-aneis-transparente/up/MLBU5230208157
MLB4807832029,Jogo Infantil De Tabuleiro Educativo Desafio Desatar Cordas,Brinquedos e Hobbies,12,39.49,78.99,50,,,,True,RELÂMPAGO,4.26492,0.042150882895545985,0.5226709479047703,,Ofertas,https://www.mercadolivre.com.br/jogo-infantil-de-tabuleiro-educativo-desafio-desatar-cordas/up/MLBU4137530717
MLB4481853113,Kit 3 Short Moletom Menina 100% Algodão,Bebês,12,64.02,80,20,,,,False,RELÂMPAGO,6.914160000000001,0.06833374330141437,0.4974696512342967,,Ofertas,https://produto.mercadolivre.com.br/MLB-4481853113-kit-3-short-moletom-menina-100-algodo-_JM
MLB5095473887,Brinquedo Educativo Bebê Torre Empilhar Rings Toy Maxi Baby Rings Toy,Bebês,12,63.18,78.9,20,,,,False,RELÂMPAGO,6.82344,0.06743714310814372,0.4909424018272864,,Ofertas,https://www.mercadolivre.com.br/brinquedo-educativo-bebe-torre-empilhar-rings-toy-maxi-baby/up/MLBU4857921968
MLB7693133216,Grade Portão Segurança Pet Bebê 68 A 83cm Extensor Incluso Preto,Bebês,12,49.9,129.9,62,,,,False,RELÂMPAGO,5.3892,0.05326232100500747,0.49001335324606865,,Ofertas,https://www.mercadolivre.com.br/grade-portao-seguranca-pet-bebe-68-a-83cm-extensor-incluso/up/MLBU5291208182
MLB1287696944,Geleca Slime 70  Unid P/ Kit Festa Lembrancinha Infantil  Colorido,Brinquedos e Hobbies,12,57.06,82.91,31,,,,False,RELÂMPAGO,6.16248,0.06090477027145743,0.4862636858473162,,Ofertas,https://www.mercadolivre.com.br/geleca-slime-70--unid-p-kit-festa-lembrancinha-infantil/up/MLBU729902216
MLB7693229096,Portão Segurança Pet Cães Bebê 68 A 83cm Escada Reforçado Preto,Bebês,12,48.98,128.9,62,,,,False,RELÂMPAGO,5.28984,0.0522803303171396,0.48097903891768434,,Ofertas,https://www.mercadolivre.com.br/portao-seguranca-pet-caes-bebe-68-a-83cm-escada-reforcado/up/MLBU5291400436
MLB5075856201,Piscina Chafariz Infantil 1m Tapete Splash Jatos De Água Azul-celeste 1m,Brinquedos e Hobbies,12,60.15,77.89,23,,,,False,RELÂMPAGO,6.4962,0.06420297812527452,0.4797246525520513,,Ofertas,https://www.mercadolivre.com.br/piscina-chafariz-infantil-1m-tapete-splash-jatos-de-agua/up/MLBU4772901474
MLB7499950780,Brinquedo Educativo Interativo Para Bebê Pop-Up Aperta Pula Esconde Didático Pique Maxi Baby - RODAS,Bebês,12,66.4,74.9,11,,,,False,RELÂMPAGO,7.171200000000001,0.0708741105156813,0.4751400368971275,,Ofertas,https://www.mercadolivre.com.br/brinquedo-educativo-interativo-para-bebe-pop-up-aperta-pula-esconde-didatico-pique-maxi-baby-rodas/p/MLB77323950
MLB5250042067,Carrinho Controle Remoto Farol Led Carro Corrida Brinquedos Preto Fast & Furious,Brinquedos e Hobbies,12,37.07,64.9,43,,,,True,RELÂMPAGO,4.00356,0.0395678204339805,0.472914589826935,,Ofertas,https://www.mercadolivre.com.br/carrinho-controle-remoto-farol-led-carro-corrida-brinquedos/up/MLBU5230562894
MLB4988823431,Quadro Educativo Rotina Atividades  Infantil Homem-aranha Vermelho E Azul,Brinquedos e Hobbies,12,64.3,69.9,8,,,,False,RELÂMPAGO,6.9444,0.06863261003250459,0.4469355565316699,,Ofertas,https://www.mercadolivre.com.br/quadro-educativo-rotina-atividades--infantil-homemaranha/up/MLBU4555169211
MLB4700715919,Bebê Babador De Silicone Gumy Com Pega Migalhas Cor Azul Baleia Tamanho Cm,Bebês,12,12.89,19.98,35,4.9,25,,False,RELÂMPAGO,1.3921200000000002,0.013758543441974878,0.4412481287518793,,Ofertas,https://www.mercadolivre.com.br/bebe-babador-de-silicone-gumy-com-pega-migalhas-cor-azul-baleia-tamanho-cm/p/MLB70070039
MLB6878479754,"Babador De Silicone Big Tech Gumy com Pega Migalhas Coelho Rosa, Ajustável para Bebês",Bebês,12,12.89,19.98,35,4.9,25,,False,RELÂMPAGO,1.3921200000000002,0.013758543441974878,0.4412481287518793,,Ofertas,https://www.mercadolivre.com.br/babador-de-silicone-big-tech-gumy-com-pega-migalhas-coelho-rosa-ajustavel-para-bebes/p/MLB69834172
MLB5677840996,Trem Elétrico Ddg Toys Com Vagões E Luzes - 5-7 Anos,Brinquedos e Hobbies,12,58.06,69,16,,,,False,RELÂMPAGO,6.27048,0.061972151453922514,0.4352923918123518,,Ofertas,https://www.mercadolivre.com.br/trem-eletrico-ddg-toys-com-vagoes-e-luzes--57-anos/up/MLBU3413688738
MLB5283077767,Bola Squishy Grande Com Glitter Brinquedo Macio Sensorial Aleatória,Brinquedos e Hobbies,12,42.29,89.99,53,,,,False,RELÂMPAGO,4.56732,0.045139550206448206,0.4152838618993235,,Ofertas,https://www.mercadolivre.com.br/bola-squishy-grande-com-glitter-brinquedo-macio-sensorial/up/MLBU5252657037
MLB5220087205,Brinquedo Infantil Lança Argolas Disco Ao Alvo Interativo Colorido,Bebês,12,44.45,69.9,36,,,,False,RELÂMPAGO,4.8006,0.04744509356057278,0.39398405692699645,,Ofertas,https://www.mercadolivre.com.br/brinquedo-infantil-lanca-argolas-disco-ao-alvo-interativo/up/MLBU5139214957
MLB4200291803,Kit 6 Regata Bebê Menino Menina Confortavel Verão 0a4 Meses,Bebês,12,40.36,64.9,38,,,,False,RELÂMPAGO,4.35888,0.04307950452429061,0.3632463821488185,,Ofertas,https://produto.mercadolivre.com.br/MLB-4200291803-kit-6-regata-beb-menino-menina-confortavel-vero-0a4-meses-_JM
MLB4684406355,Kit 2 Aramado Brinquedo Labirinto Pedagógico Montessori Colorido,Brinquedos e Hobbies,12,43.55,59.9,27,,,,False,RELÂMPAGO,4.703399999999999,0.0464844504963542,0.35923183343582527,,Ofertas,https://www.mercadolivre.com.br/kit-2-aramado-brinquedo-labirinto-pedagogico-montessori/up/MLBU3978901698
MLB5251287183,Kit 3 Mordedores Bebê Textoy Frutinhas Látex Dentição Multicolorido Frutinhas,Bebês,12,35,69.9,50,,,,False,RELÂMPAGO,3.7800000000000002,0.037358341386277784,0.3436967407537556,,Ofertas,https://www.mercadolivre.com.br/kit-3-mordedores-bebe-textoy-frutinhas-latex-denticao/up/MLBU5196080009
MLB7586301534,Trocador De Fraldas Portátil Bercinho Azul 100% Algodão Rosa Boneca,Bebês,12,28.79,40,28,,,,True,RELÂMPAGO,3.1093200000000003,0.030729904243169643,0.33778310744092077,,Ofertas,https://www.mercadolivre.com.br/trocador-de-fraldas-portatil-bercinho-azul-100-algodao/up/MLBU5108342730
MLB4103337373,Camiseta Infantil Toy Story Woody E Buzz,Bebês,12,45.97,49.9,8,,,,False,RELÂMPAGO,4.96476,0.04906751295791971,0.3195276443819732,,Ofertas,https://produto.mercadolivre.com.br/MLB-4103337373-camiseta-infantil-toy-story-woody-e-buzz-_JM
MLB5147611897,Brinquedo Educativo Bate Martelo Elefante Bebê 12 Meses,Bebês,12,39.98,49.9,20,,,,False,RELÂMPAGO,4.31784,0.04267389967495388,0.31066598963366426,,Ofertas,https://www.mercadolivre.com.br/brinquedo-educativo-bate-martelo-elefante-bebe-12-meses/up/MLBU4965935559
MLB4986826295,Suporte Gamer Gta P/ Controle + Base Vertical Ps5 Premium 3d Preto Suporte Controle Gta,Games,12,31.9,49.9,36,,,,False,RELÂMPAGO,3.4451999999999994,0.03404945972063602,0.2827467135201615,,Ofertas,https://www.mercadolivre.com.br/suporte-gamer-gta-p-controle--base-vertical-ps5-premium-3d/up/MLBU4547958613
MLB5144376261,Cinto 5 Pontos Universal Para Cadeirinha Carrinho De Bebê Cinza,Bebês,12,28.17,62.41,55,,,,False,RELÂMPAGO,3.0423600000000004,0.030068127910041296,0.27662677677237996,,Ofertas,https://www.mercadolivre.com.br/cinto-5-pontos-universal-para-cadeirinha-carrinho-de-bebe/up/MLBU4989297700
MLB7423545254,Kit Manicure Para Bebê 13 Peças Seguro Azul,Bebês,12,30.34,47.47,36,,,,False,RELÂMPAGO,3.27672,0.03238434507599051,0.2689196015110252,,Ofertas,https://www.mercadolivre.com.br/kit-manicure-para-bebe-13-pecas-seguro-azul/p/MLB2064179682
MLB7432646960,Brinquedo Interativo Bebê Chocalho Sensorial Educativo João Bobo Roly Poly Maxi Baby - Laranja,Bebês,12,26.91,49.9,46,,,,False,RELÂMPAGO,2.90628,0.028723227620135287,0.25690054783449007,,Ofertas,https://www.mercadolivre.com.br/brinquedo-interativo-bebe-chocalho-sensorial-educativo-joao-bobo-roly-poly-maxi-baby-laranja/p/MLB77332044
MLB4276163783,Manta Cobertor 2 Em 1  Dupla Face Sherpa + Manta Soft Bebê,Bebês,12,28.2,44.49,37,,,,False,RELÂMPAGO,3.0456,0.030100149345515234,0.25187804972327155,,Ofertas,https://produto.mercadolivre.com.br/MLB-4276163783-manta-cobertor-2-em-1-dupla-face-sherpa-manta-soft-beb-_JM
MLB4276148681,Manta Cobertor Infantil Dupla Face Sherpa E Manta Soft Bebê,Bebês,12,28.2,39.99,29,,,,False,RELÂMPAGO,3.0456,0.030100149345515234,0.23646677325836774,,Ofertas,https://produto.mercadolivre.com.br/MLB-4276148681-manta-cobertor-infantil-dupla-face-sherpa-e-manta-soft-beb-_JM
MLB7579422922,Suporte Base Para 2 Controles Xbox One Fat Series S Branco,Games,12,24.74,44.99,45,,,,False,RELÂMPAGO,2.67192,0.026407010454186062,0.23449425283317227,,Ofertas,https://www.mercadolivre.com.br/suporte-base-para-2-controles-xbox-one-fat-series-s-branco/p/MLB2105562771
MLB5221698941,Brinquedo Educativo Torre De Bolinhas Escorrega Ball Espiral Amarelo,Bebês,12,31.95,35.77,11,,,,False,RELÂMPAGO,3.4505999999999997,0.03410282877975928,0.22862536413950627,,Ofertas,https://www.mercadolivre.com.br/brinquedo-educativo-torre-de-bolinhas-escorrega-ball-espiral/up/MLBU5142382435
MLB4288556891,Livrinho Educativo Buba Para Hora Do Banho Animais E Frutas,Bebês,12,28.17,34.11,17,,,,False,RELÂMPAGO,3.0423600000000004,0.030068127910041296,0.21312289062637274,,Ofertas,https://produto.mercadolivre.com.br/MLB-4288556891-livrinho-educativo-buba-para-hora-do-banho-animais-e-frutas-_JM
MLB7550999812,Capacete Protetor Bebê Anticolisão Quedas Ajustável Infantil Rosa Bichinhos,Bebês,12,22.94,35.57,36,,,,False,RELÂMPAGO,2.47752,0.024485724325748925,0.20332945480101908,,Ofertas,https://www.mercadolivre.com.br/capacete-protetor-bebe-anticolisao-quedas-ajustavel-infantil/up/MLBU5028210778
MLB7562569526,Jogo De Tabuleiro Bouncing Battle Com 10 Peças De Jogo,Brinquedos e Hobbies,12,20.02,31.39,36,,,,False,RELÂMPAGO,2.16216,0.02136897127295089,0.1774479374505842,,Ofertas,https://www.mercadolivre.com.br/exciting-wooden-catapult-chess-game-for-2-players-engaging/p/MLB2025472346
MLB5117956675,"Capa Silicone Protetora Controlekit 12grip  Ps3,ps4,ps5,xbox",Games,12,20.57,21.89,6,,,,False,RELÂMPAGO,2.22156,0.021956030923306686,0.1401673014143899,,Ofertas,https://produto.mercadolivre.com.br/MLB-5117956675-capa-silicone-protetora-controlekit-12grip-ps3ps4ps5xbox-_JM
